time,x,y,z,yaw,platform,trajectory,traj_double,traj_short,traj_spin,lookahead_time,traj_time,ref_time,comp_time,x_ref,y_ref,yaw_ref,z_ref,throttle_input,p_input,q_input,r_input,cbf_term_pitch_cbf,cbf_term_roll_cbf,cbf_term_thrust_cbf,cbf_term_yaw_cbf
10.094996213912964,0.0013309723,0.011487158,-2.8645978,-0.002636282419548053,SIM,F8_CONTRACTION,NormSpd,Not Short,NoSpin,0.0,0.08963537216186523,0.08963537216186523,0.002866029739379883,0.11257959,0.1124011,0.0,-3.0,0.6664376156959487,0.8,-0.8,-0.21095113816009395,nan,nan,nan,nan
10.195250511169434,-0.0018048823,0.01148374,-2.8733308,-0.002433394401998504,nan,nan,nan,nan,nan,nan,0.19000959396362305,0.19000959396362305,0.0036957263946533203,0.2382063,0.23651071,0.0,-3.0,0.6649602289846386,0.8,-0.8,-0.3547660834435334,nan,nan,nan,nan
10.295284748077393,-0.0029191177,0.013016989,-2.8783677,-0.003777256202859878,nan,nan,nan,nan,nan,nan,0.29002952575683594,0.29002952575683594,0.003695964813232422,0.362448,0.35644653,0.0,-3.0,0.685108831219427,0.8,-0.8,-0.44028017657467106,nan,nan,nan,nan
10.404208421707153,0.0007618344,0.018578736,-2.8804169,-0.01207879741217778,nan,nan,nan,nan,nan,nan,0.3993558883666992,0.3993558883666992,0.004792690277099609,0.49659574,0.48104423,0.0,-3.0,0.7277098291188441,0.8,-0.8,-0.2805646005408642,nan,nan,nan,nan
10.502793788909912,0.015723515,0.03379112,-2.878258,-0.03713760574822127,nan,nan,nan,nan,nan,nan,0.497697114944458,0.497697114944458,0.00514674186706543,0.6152811,0.5854416,0.0,-3.0,0.8001352212956481,0.3793647770655866,-0.7999999995070947,0.12593159577105423,nan,nan,nan,nan
10.602786540985107,0.050581053,0.06627916,-2.8830345,-0.06944453735204806,nan,nan,nan,nan,nan,nan,0.5889420509338379,0.5889420509338379,0.004510641098022461,0.7233114,0.6743517,0.0,-3.0,0.821505294671944,-0.23115731249489685,-0.3513995182165959,0.08984079489373009,nan,nan,nan,nan
10.689395904541016,0.104486935,0.1132354,-2.898803,-0.08940989867477232,nan,nan,nan,nan,nan,nan,0.6846573352813721,0.6846573352813721,0.007990360260009766,0.8340741,0.75808114,0.0,-3.0,0.821790288828141,-0.4474209453362867,-0.11834674055789124,0.16998288602700826,nan,nan,nan,nan
10.789496421813965,0.2375896,0.21913901,-2.942546,-0.09887286891660736,nan,nan,nan,nan,nan,nan,0.7845916748046875,0.7845916748046875,0.007925748825073242,0.9464948,0.83379525,0.0,-3.0,0.7442122623886265,-0.7999999999992394,0.5112198543125804,0.012734170845219389,nan,nan,nan,nan
10.893007516860962,0.36011797,0.30620885,-2.9785078,-0.09620974768007867,nan,nan,nan,nan,nan,nan,0.888237476348877,0.888237476348877,0.008571386337280273,1.0591443,0.8984349,0.0,-3.0,0.6890253514474384,-0.8,0.7513035569880389,0.4252751938287117,nan,nan,nan,nan
11.001760244369507,0.5968184,0.4523664,-3.0266798,-0.09602012581227776,nan,nan,nan,nan,nan,nan,0.9971504211425781,0.9971504211425781,0.008375883102416992,1.1726717,0.94994384,0.0,-3.0,0.6525445844042197,-0.8,0.7999999999999999,0.20193892322161958,nan,nan,nan,nan
11.090712785720825,0.7432028,0.53073,-3.0421197,-0.1001383349802992,nan,nan,nan,nan,nan,nan,1.0858044624328613,1.0858044624328613,0.007761955261230469,1.2610525,0.9787885,0.0,-3.0,0.6626072357349961,-0.8,0.8,0.22420308721566407,nan,nan,nan,nan
11.200686693191528,0.9934468,0.6438701,-3.047874,-0.1127307097477284,nan,nan,nan,nan,nan,nan,1.195876121520996,1.195876121520996,0.007025480270385742,1.365312,0.99768794,0.0,-3.0,0.7004728223542221,-0.6394141068520441,0.7849771763243035,0.16706254120280828,nan,nan,nan,nan
11.298873662948608,1.1880251,0.7106754,-3.0401392,-0.12649116565522933,nan,nan,nan,nan,nan,nan,1.2940523624420166,1.2940523624420166,0.006395816802978516,1.4528108,0.99846816,0.0,-3.0,0.7361344744934413,-0.360523715731493,0.6121639005200836,0.15932479185383616,nan,nan,nan,nan
11.39926815032959,1.3380419,0.7458488,-3.0306714,-0.13656708781635712,nan,nan,nan,nan,nan,nan,1.3944554328918457,1.3944554328918457,0.00733494758605957,1.5365759,0.98356897,0.0,-3.0,0.7615395243338936,-0.07731576679667251,0.37518519870861095,0.17215954051467772,nan,nan,nan,nan
11.496853351593018,1.5296932,0.75982994,-3.0178654,-0.36240851513060096,nan,nan,nan,nan,nan,nan,1.4920620918273926,1.4920620918273926,0.017043113708496094,1.6121507,0.9540916,0.0,-3.0,0.7680261719538866,-0.010568532507941038,-0.1557934447922476,0.37611030508845583,nan,nan,nan,nan
11.585922718048096,1.6354845,0.74306947,-3.0120392,-0.30347412570779,nan,nan,nan,nan,nan,nan,1.581573247909546,1.581573247909546,0.00969839096069336,1.6761355,0.91444284,0.0,-3.0,0.761232795145559,0.08821643326710019,-0.3134778075090083,0.3236906936229343,nan,nan,nan,nan
11.705010890960693,1.71889,0.7010661,-3.0093515,-0.21658038306455835,nan,nan,nan,nan,nan,nan,1.7001359462738037,1.7001359462738037,0.006631374359130859,1.7526957,0.8442364,0.0,-3.0,0.7487870492548314,0.26842304683763285,-0.28958539476576783,0.19355562593569475,nan,nan,nan,nan
11.803026676177979,1.7809749,0.6273395,-3.0088582,-0.1384141284494944,nan,nan,nan,nan,nan,nan,1.7981960773468018,1.7981960773468018,0.0064313411712646484,1.8086878,0.7719562,0.0,-3.0,0.7387258966727216,0.41576244871661205,-0.19992636299790742,0.1098194134233663,nan,nan,nan,nan
11.906105518341064,1.8254222,0.51651585,-3.008984,-0.0854286751259061,nan,nan,nan,nan,nan,nan,1.9013340473175049,1.9013340473175049,0.006537437438964844,1.8601694,0.6833241,0.0,-3.0,0.7329672137839272,0.46515761311206494,-0.15232830258241317,0.0627826661481163,nan,nan,nan,nan
12.005176305770874,1.8507775,0.40205523,-3.0088022,-0.059601099863284726,nan,nan,nan,nan,nan,nan,2.0003199577331543,2.0003199577331543,0.0065267086029052734,1.9022373,0.5874599,0.0,-3.0,0.7303928502923673,0.4588096784851095,-0.13289614949303769,0.03655103619886714,nan,nan,nan,nan
12.102153778076172,1.8673755,0.2767195,-3.0086184,-0.04381839979067005,nan,nan,nan,nan,nan,nan,2.097369909286499,2.097369909286499,0.006708383560180664,1.9363418,0.4846473,0.0,-3.0,0.7315284589769246,0.3980401576161763,-0.12191421757811342,0.028339019712342775,nan,nan,nan,nan
12.202240705490112,1.877972,0.13623974,-3.0088964,-0.03207257501860311,nan,nan,nan,nan,nan,nan,2.197368621826172,2.197368621826172,0.007850170135498047,1.9639522,0.37119702,0.0,-3.0,0.7334724698984482,0.31150333730645746,-0.10269561548513505,0.030593248767471944,nan,nan,nan,nan
12.305373668670654,1.8826805,0.008298617,-3.009886,-0.023168121630074676,nan,nan,nan,nan,nan,nan,2.300476312637329,2.300476312637329,0.006573915481567383,1.9843043,0.2481101,0.0,-3.0,0.7348872499171499,0.21416531375999565,-0.0659385607769158,0.03891141753715138,nan,nan,nan,nan
12.406854152679443,1.8836131,-0.10361693,-3.0118518,-0.01567893514200147,nan,nan,nan,nan,nan,nan,2.4019579887390137,2.4019579887390137,0.006460428237915039,1.9962064,0.122891776,0.0,-3.0,0.7351939081330839,0.12761487032102942,-0.018598197019573385,0.0450926834583944,nan,nan,nan,nan
12.504150629043579,1.8815181,-0.21745501,-3.0148535,-0.008075101828679546,nan,nan,nan,nan,nan,nan,2.4993343353271484,2.4993343353271484,0.006343364715576172,1.9999999,0.0008364988,0.0,-3.0,0.7332571129534619,0.06574194953697889,0.017474173620540455,0.04433039248996937,nan,nan,nan,nan
12.597109317779541,1.875858,-0.3294684,-3.018668,5.943251505872993e-06,nan,nan,nan,nan,nan,nan,2.592262029647827,2.592262029647827,0.006734609603881836,1.9966404,-0.115680315,0.0,-3.0,0.7309426973425802,0.029485632440137147,0.033374941831880764,0.041440942132335304,nan,nan,nan,nan
12.70116901397705,1.8673325,-0.42172468,-3.0219915,0.007548469753506096,nan,nan,nan,nan,nan,nan,2.696302652359009,2.696302652359009,0.006266117095947266,1.9848064,-0.24418697,0.0,-3.0,0.7292484219496576,0.004766663428780822,0.0573937907614198,0.03183151937829266,nan,nan,nan,nan
12.79871416091919,1.8536761,-0.5104459,-3.0247636,0.015536276638358455,nan,nan,nan,nan,nan,nan,2.79380464553833,2.79380464553833,0.006214618682861328,1.9660184,-0.36087486,0.0,-3.0,0.728353524640195,0.002145604554451038,0.054913546907973905,0.01821643988672954,nan,nan,nan,nan
12.904693841934204,1.8342386,-0.5882816,-3.0265844,0.023510436967701758,nan,nan,nan,nan,nan,nan,2.899986982345581,2.899986982345581,0.006511688232421875,1.9371704,-0.48173934,0.0,-3.0,0.7281840763570573,0.010607653739686525,0.05871793157864583,0.004238622822594989,nan,nan,nan,nan
13.00231647491455,1.8145359,-0.6412782,-3.0273955,0.028967701949477686,nan,nan,nan,nan,nan,nan,2.997460126876831,2.997460126876831,0.007553577423095703,1.9030969,-0.58520013,0.0,-3.0,0.7286628039799279,0.03162978557436587,0.06681181329060105,-0.012242028866418144,nan,nan,nan,nan
13.107350826263428,1.7846872,-0.69730246,-3.0274162,0.034282369565509514,nan,nan,nan,nan,nan,nan,3.1025307178497314,3.1025307178497314,0.006664752960205078,1.85838,-0.6868619,0.0,-3.0,0.729491574675821,0.05904026628808214,0.05445966287060452,-0.02229163345487322,nan,nan,nan,nan
13.197007894515991,1.7442895,-0.7490558,-3.0263975,0.038566279103017666,nan,nan,nan,nan,nan,nan,3.192457437515259,3.192457437515259,0.006601572036743164,1.8136694,-0.7644371,0.0,-3.0,0.7302312522647607,0.07061297048467786,0.009319305217549997,-0.030836181903175428,nan,nan,nan,nan
13.29957365989685,1.7032523,-0.7855356,-3.0251563,0.04061529298044732,nan,nan,nan,nan,nan,nan,3.2947335243225098,3.2947335243225098,0.008233308792114258,1.755792,-0.84076333,0.0,-3.0,0.73130077777078,0.09490011772559098,0.010514374149779886,-0.032067468320322375,nan,nan,nan,nan
13.404166221618652,1.6364466,-0.8240936,-3.0229838,0.04151903559058513,nan,nan,nan,nan,nan,nan,3.3990895748138428,3.3990895748138428,0.004137277603149414,1.6892686,-0.9043393,0.0,-3.0,0.7319240031667635,0.09059921489748128,-0.027088774633469235,-0.033741969194930096,nan,nan,nan,nan
13.501551151275635,1.5796959,-0.8428783,-3.0213404,0.04076762323324705,nan,nan,nan,nan,nan,nan,3.496424674987793,3.496424674987793,0.004395008087158203,1.6206708,-0.9496586,0.0,-3.0,0.7325037903666675,0.08765421370440998,-0.03610953212735434,-0.02938928609009415,nan,nan,nan,nan
13.60088586807251,1.5049005,-0.8537562,-3.0199246,0.038638517088326725,nan,nan,nan,nan,nan,nan,3.5957374572753906,3.5957374572753906,0.0039064884185791016,1.5444353,-0.9812695,0.0,-3.0,0.7330494622676883,0.07891911404883391,-0.03457936659728152,-0.023329325435967548,nan,nan,nan,nan
13.698786735534668,1.4355017,-0.8528413,-3.0191312,0.0361815464923174,nan,nan,nan,nan,nan,nan,3.6937475204467773,3.6937475204467773,0.004113912582397461,1.4633045,-0.99750257,0.0,-3.0,0.7329759082775283,0.05031461879354236,-0.0424655890030034,-0.019257129767439794,nan,nan,nan,nan
13.801512241363525,1.3469455,-0.84009427,-3.0188456,0.033209441729002906,nan,nan,nan,nan,nan,nan,3.796358108520508,3.796358108520508,0.004078388214111328,1.3724267,-0.99830365,0.0,-3.0,0.7328999298813469,0.025756991343249748,-0.040531400490024364,-0.015154258494182832,nan,nan,nan,nan
13.904319286346436,1.2598176,-0.81803423,-3.0190578,0.031338551815849,nan,nan,nan,nan,nan,nan,3.9012227058410645,3.9012227058410645,0.006992340087890625,1.2736638,-0.9819982,0.0,-3.0,0.7338358778482995,0.03997840550184489,-0.011598823809560429,-0.008732695468032306,nan,nan,nan,nan
13.994000911712646,1.1518537,-0.7787854,-3.020452,0.029926409494598016,nan,nan,nan,nan,nan,nan,3.9893476963043213,3.9893476963043213,0.0070726871490478516,1.1863737,-0.9551077,0.0,-3.0,0.7324501155260565,-0.006172148771372839,-0.03673418559123543,-0.013179246903678455,nan,nan,nan,nan
14.098026037216187,1.0540401,-0.7329005,-3.0226383,0.029629023074500188,nan,nan,nan,nan,nan,nan,4.093157052993774,4.093157052993774,0.006220340728759766,1.0789042,-0.9084549,0.0,-3.0,0.7307875832598503,-0.054678914082192366,-0.059563616155151336,-0.010566701982054828,nan,nan,nan,nan
14.196523189544678,0.96893746,-0.6862407,-3.0248585,0.029402654818370927,nan,nan,nan,nan,nan,nan,4.191810607910156,4.191810607910156,0.006146430969238281,0.9725127,-0.84979737,0.0,-3.0,0.7312275577180536,-0.049610494109256775,-0.03677551205673524,-0.006465899733136663,nan,nan,nan,nan
14.293164491653442,0.85382146,-0.61390436,-3.02787,0.02913484806420239,nan,nan,nan,nan,nan,nan,4.288373947143555,4.288373947143555,0.006715297698974609,0.86475503,-0.77974325,0.0,-3.0,0.7308985039038723,-0.06121533901466487,-0.027974111110601402,-0.008067787159036284,nan,nan,nan,nan
14.393998384475708,0.74429476,-0.5368483,-3.0306394,0.029002081027127688,nan,nan,nan,nan,nan,nan,4.389181852340698,4.389181852340698,0.006587505340576172,0.7488718,-0.6943935,0.0,-3.0,0.7302310615221848,-0.07819824694099953,-0.022828091394585963,-0.010840742236397244,nan,nan,nan,nan
14.493390321731567,0.62352747,-0.44401044,-3.0336292,0.028540290649218446,nan,nan,nan,nan,nan,nan,4.488508462905884,4.488508462905884,0.007394552230834961,0.63175166,-0.5994063,0.0,-3.0,0.7289959564623424,-0.10835482144837832,-0.03005030652788217,-0.0138718246266989,nan,nan,nan,nan
14.594026565551758,0.5111151,-0.35124424,-3.036823,0.02768116025423675,nan,nan,nan,nan,nan,nan,4.589236497879028,4.589236497879028,0.006811380386352539,0.5104692,-0.493562,0.0,-3.0,0.7284572170552475,-0.11574442652956475,-0.01567595968955776,-0.01753244130066928,nan,nan,nan,nan
14.693686246871948,0.39910328,-0.2531794,-3.0398774,0.026462999929410848,nan,nan,nan,nan,nan,nan,4.688813924789429,4.688813924789429,0.006567716598510742,0.3885611,-0.38115746,0.0,-3.0,0.7273591099056074,-0.1315692474197824,-0.01336025452512381,-0.019917242539207132,nan,nan,nan,nan
14.794758558273315,0.28834528,-0.15098564,-3.0429251,0.024559919468139086,nan,nan,nan,nan,nan,nan,4.789853811264038,4.789853811264038,0.006450653076171875,0.26331082,-0.26101884,0.0,-3.0,0.7268759386470501,-0.13245624608875156,0.005100680896758347,-0.022808301347285308,nan,nan,nan,nan
14.898176908493042,0.15108444,-0.020509398,-3.0466506,0.02179222430578149,nan,nan,nan,nan,nan,nan,4.893019199371338,4.893019199371338,0.004484415054321289,0.13433483,-0.13403146,0.0,-3.0,0.7255510496119693,-0.15635549527443365,-0.013257103312034533,-0.017791727261899017,nan,nan,nan,nan
15.001535177230835,0.032964062,0.09188959,-3.049679,0.01920694508694223,nan,nan,nan,nan,nan,nan,4.996378660202026,4.996378660202026,0.004345417022705078,0.0045507057,-0.004550694,0.0,-3.0,0.7253759231493269,-0.15289757824181413,-0.01078154122243971,-0.014676478568497834,nan,nan,nan,nan
15.091194868087769,-0.06645713,0.18470588,-3.0519876,0.017068494169659616,nan,nan,nan,nan,nan,nan,5.086367607116699,5.086367607116699,0.006110191345214844,-0.10847948,0.10831979,0.0,-3.0,0.7253588149336282,-0.1433334773579872,-0.005505920702536352,-0.013185347707054729,nan,nan,nan,nan
15.194270849227905,-0.19289473,0.2978462,-3.0541382,0.014532428244427164,nan,nan,nan,nan,nan,nan,5.192132949829102,5.192132949829102,0.0067021846771240234,-0.24085537,0.23910245,0.0,-3.0,0.7253555600475445,-0.1338164073009636,-0.006396810235588428,-0.011512570722088396,nan,nan,nan,nan
15.301954984664917,-0.29222974,0.3812015,-3.0548632,0.012614851925053724,nan,nan,nan,nan,nan,nan,5.297073125839233,5.297073125839233,0.00818634033203125,-0.37114912,0.36470234,0.0,-3.0,0.7256693300052508,-0.1230824958372581,-0.020804199283495105,-0.005526901500409047,nan,nan,nan,nan
15.401103734970093,-0.39175507,0.45906928,-3.054638,0.010874555401557441,nan,nan,nan,nan,nan,nan,5.396224737167358,5.396224737167358,0.0076618194580078125,-0.49278328,0.47759095,0.0,-3.0,0.7261833010797719,-0.11666029401502662,-0.028889713126468364,-0.0044591610041336705,nan,nan,nan,nan
15.506235599517822,-0.51794237,0.54966307,-3.0532618,0.009043953085136527,nan,nan,nan,nan,nan,nan,5.501477241516113,5.501477241516113,0.0067594051361083984,-0.6197992,0.5892861,0.0,-3.0,0.7269884552567831,-0.11233881991417989,-0.04125388878269201,-0.006690371842230491,nan,nan,nan,nan
15.605814218521118,-0.6249266,0.6184571,-3.051809,0.007670075967626033,nan,nan,nan,nan,nan,nan,5.601057052612305,5.601057052612305,0.006657838821411133,-0.737484,0.6855148,0.0,-3.0,0.7278430723017838,-0.11011263309618644,-0.04678686587011403,-0.011666898380516606,nan,nan,nan,nan
15.70660924911499,-0.73066103,0.6778109,-3.050503,0.00648676485891108,nan,nan,nan,nan,nan,nan,5.701876640319824,5.701876640319824,0.006559133529663086,-0.8536918,0.7720143,0.0,-3.0,0.7285206805370178,-0.104296289305884,-0.05206416528268067,-0.017115840384065724,nan,nan,nan,nan
15.790996551513672,-0.84322834,0.7306078,-3.0482285,0.005216553029852571,nan,nan,nan,nan,nan,nan,5.786165952682495,5.786165952682495,0.007947921752929688,-0.9482371,0.8348858,0.0,-3.0,0.7293529362564493,-0.08542875739447484,-0.06509856770153169,-0.017990808908739168,nan,nan,nan,nan
15.892967224121094,-0.9443223,0.76835895,-3.0451682,0.0039223719814833954,nan,nan,nan,nan,nan,nan,5.88807225227356,5.88807225227356,0.006273031234741211,-1.0589681,0.8983437,0.0,-3.0,0.730412381883389,-0.08005598990350692,-0.059425720956703,-0.0244589932238355,nan,nan,nan,nan
15.9933500289917,-1.0262775,0.7914871,-3.0420494,0.0026319052885055774,nan,nan,nan,nan,nan,nan,5.988508701324463,5.988508701324463,0.006828784942626953,-1.1638575,0.9464952,0.0,-3.0,0.7315121273157316,-0.07763764157651407,-0.05332179942810789,-0.03093581220699265,nan,nan,nan,nan
16.091911554336548,-1.1287117,0.809037,-3.037559,0.0006278776213879053,nan,nan,nan,nan,nan,nan,6.087024927139282,6.087024927139282,0.008963346481323242,-1.2622426,0.9791016,0.0,-3.0,0.7327718263229325,-0.06493519932348578,-0.05190612964912605,-0.03376927449358424,nan,nan,nan,nan
16.197611570358276,-1.2411687,0.8102324,-3.03252,-0.0022413875782148762,nan,nan,nan,nan,nan,nan,6.193152189254761,6.193152189254761,0.0066716670989990234,-1.3628086,0.99744946,0.0,-3.0,0.7337072266137492,-0.01849766241528984,-0.05768496661402682,-0.030266981811800805,nan,nan,nan,nan
16.296952962875366,-1.3270011,0.7968392,-3.0291438,-0.004873752553915124,nan,nan,nan,nan,nan,nan,6.292487382888794,6.292487382888794,0.0061724185943603516,-1.4514585,0.99857503,0.0,-3.0,0.7341519298635647,0.012381714729544012,-0.057367796727839995,-0.027743742080946543,nan,nan,nan,nan
16.393166542053223,-1.3954092,0.7760665,-3.026821,-0.007256629524492041,nan,nan,nan,nan,nan,nan,6.388330936431885,6.388330936431885,0.00645756721496582,-1.5316381,0.98492926,0.0,-3.0,0.7346621723496726,0.0060866554445166065,-0.05280646273482755,-0.03027720950677903,nan,nan,nan,nan
16.502877235412598,-1.4787582,0.73675185,-3.0243564,-0.010337519492000076,nan,nan,nan,nan,nan,nan,6.498081207275391,6.498081207275391,0.0061359405517578125,-1.6166155,0.95179886,0.0,-3.0,0.7346576134082524,0.02807013351251214,-0.05232681370663752,-0.02619775038829529,nan,nan,nan,nan
16.594022750854492,-1.5497386,0.688961,-3.0222795,-0.013026232262971421,nan,nan,nan,nan,nan,nan,6.58914041519165,6.58914041519165,0.005913972854614258,-1.6813045,0.91055304,0.0,-3.0,0.7347829989823749,0.03634561962802236,-0.04936273829758866,-0.022837870518464958,nan,nan,nan,nan
16.701343774795532,-1.6293348,0.6152493,-3.0203927,-0.015942605550488917,nan,nan,nan,nan,nan,nan,6.696470260620117,6.696470260620117,0.006222248077392578,-1.7504722,0.8466963,0.0,-3.0,0.7340414418435449,0.07187067666785951,-0.04196423390607834,-0.014920635674071439,nan,nan,nan,nan
16.809320211410522,-1.6811568,0.5524024,-3.0196564,-0.01771378024946115,nan,nan,nan,nan,nan,nan,6.805516481399536,6.805516481399536,0.009436368942260742,-1.8125948,0.766076,0.0,-3.0,0.7348820644609201,0.03160543644702015,-0.042322831480508104,-0.015993919193071093,nan,nan,nan,nan
16.897018671035767,-1.7271037,0.483117,-3.0198572,-0.019036908387288547,nan,nan,nan,nan,nan,nan,6.892272710800171,6.892272710800171,0.009346246719360352,-1.8559564,0.6915933,0.0,-3.0,0.7337891755148143,0.058730953783862394,-0.034167128309044593,-0.00896962534621913,nan,nan,nan,nan
16.988717555999756,-1.7669991,0.4078864,-3.021264,-0.02002103813112449,nan,nan,nan,nan,nan,nan,6.983969449996948,6.983969449996948,0.008725166320800781,-1.8957916,0.6039622,0.0,-3.0,0.7329089618725038,0.06892186245811902,-0.029519727529447207,-0.005075565770028802,nan,nan,nan,nan
17.09992218017578,-1.8088679,0.30510086,-3.0243587,-0.02071708353697847,nan,nan,nan,nan,nan,nan,7.095086097717285,7.095086097717285,0.012481927871704102,-1.9356214,0.48715565,0.0,-3.0,0.7311148710680935,0.09185568036359196,-0.022714685205645752,0.00018082839872914807,nan,nan,nan,nan
17.205735683441162,-1.8425599,0.1887525,-3.0292485,-0.020712338986034397,nan,nan,nan,nan,nan,nan,7.200823783874512,7.200823783874512,0.00677943229675293,-1.9647682,0.36716184,0.0,-3.0,0.7288430755968436,0.12444657776706027,-0.010247370149139816,0.002808882282485814,nan,nan,nan,nan
17.301130056381226,-1.8592088,0.10918928,-3.0327406,-0.020255794112148097,nan,nan,nan,nan,nan,nan,7.297017335891724,7.297017335891724,0.008707523345947266,-1.9837562,0.2523185,0.0,-3.0,0.7283674222240684,0.11417199522038415,-0.01851205141299416,0.003074182703241604,nan,nan,nan,nan
17.39849090576172,-1.8717109,0.021168347,-3.03634,-0.019345093336139145,nan,nan,nan,nan,nan,nan,7.393805742263794,7.393805742263794,0.0071926116943359375,-1.9955496,0.13305192,0.0,-3.0,0.727752705749806,0.1096587087652517,-0.027634405757386616,0.000575693209005818,nan,nan,nan,nan
17.502511024475098,-1.8781224,-0.08968013,-3.0404632,-0.017367093567541344,nan,nan,nan,nan,nan,nan,7.497639417648315,7.497639417648315,0.007220268249511719,-1.9999979,0.002966391,0.0,-3.0,0.7266898334579875,0.12324485894000124,-0.013576738904842236,0.0024979158847259555,nan,nan,nan,nan
17.59596824645996,-1.8752742,-0.19784479,-3.0431755,-0.014794530133659266,nan,nan,nan,nan,nan,nan,7.591075897216797,7.591075897216797,0.006367683410644531,-1.9967263,-0.11419965,0.0,-3.0,0.7264954184327442,0.12382984335153292,-0.0074604548977765,-0.0006046439761515809,nan,nan,nan,nan
17.70187020301819,-1.8662996,-0.28722367,-3.0448518,-0.01248660419086157,nan,nan,nan,nan,nan,nan,7.697135925292969,7.697135925292969,0.006563663482666016,-1.9846773,-0.24520226,0.0,-3.0,0.7266143086092819,0.1251427444854068,0.00813509139196523,-0.0013337678864568314,nan,nan,nan,nan
17.793165922164917,-1.8517333,-0.3729029,-3.046035,-0.010346887931254392,nan,nan,nan,nan,nan,nan,7.788350820541382,7.788350820541382,0.006294727325439453,-1.9672649,-0.35447478,0.0,-3.0,0.7269571893901248,0.11988763017531029,-0.008404003370272525,-0.0076375717019066735,nan,nan,nan,nan
17.895939111709595,-1.8339291,-0.447527,-3.0465615,-0.008732111115849341,nan,nan,nan,nan,nan,nan,7.891055107116699,7.891055107116699,0.007033109664916992,-1.9399312,-0.47187334,0.0,-3.0,0.7274343487202849,0.12076633237109168,-0.02702866134516353,-0.011569821624743026,nan,nan,nan,nan
18.002811193466187,-1.8090718,-0.5237745,-3.0461566,-0.007383477342840606,nan,nan,nan,nan,nan,nan,7.997915744781494,7.997915744781494,0.006212711334228516,-1.9029207,-0.5856643,0.0,-3.0,0.7282339180451481,0.1263847490620959,-0.03798448007060387,-0.016314169087385724,nan,nan,nan,nan
18.094037294387817,-1.7785217,-0.5929114,-3.0450113,-0.006386399901213095,nan,nan,nan,nan,nan,nan,8.089176654815674,8.089176654815674,0.006552696228027344,-1.8645169,-0.67456937,0.0,-3.0,0.729284269988986,0.11937007617460543,-0.016757661720375284,-0.015864703838462495,nan,nan,nan,nan
18.191338062286377,-1.7391738,-0.65830934,-3.0434735,-0.00563109593098067,nan,nan,nan,nan,nan,nan,8.186542272567749,8.186542272567749,0.0065572261810302734,-1.8167899,-0.75962377,0.0,-3.0,0.7301039690409075,0.11881430906687866,-0.02530281871166414,-0.01787100540986763,nan,nan,nan,nan
18.305903911590576,-1.6853787,-0.7205412,-3.0416393,-0.005144260888891812,nan,nan,nan,nan,nan,nan,8.301084041595459,8.301084041595459,0.0066411495208740234,-1.7519567,-0.8450571,0.0,-3.0,0.7310999721716933,0.10708708467822979,-0.01948916774186891,-0.018526151457567176,nan,nan,nan,nan
18.40405821800232,-1.6354744,-0.75973195,-3.0401874,-0.005016896931670005,nan,nan,nan,nan,nan,nan,8.399185180664062,8.399185180664062,0.006731986999511719,-1.6892043,-0.90439063,0.0,-3.0,0.7318852993852106,0.09484646847799687,-0.013651832932357642,-0.02035397779169997,nan,nan,nan,nan
18.50521993637085,-1.5792395,-0.78815514,-3.0388215,-0.0048881802315989265,nan,nan,nan,nan,nan,nan,8.500367879867554,8.500367879867554,0.006827354431152344,-1.6177622,-0.9511993,0.0,-3.0,0.7324703889524558,0.0711522437627692,0.005480359578747295,-0.020657169417487267,nan,nan,nan,nan
18.59246253967285,-1.5328927,-0.80170596,-3.0378172,-0.004846077493980923,nan,nan,nan,nan,nan,nan,8.587620258331299,8.587620258331299,0.006423234939575195,-1.550896,-0.9792535,0.0,-3.0,0.7332857659860337,0.07456012511748165,-0.008581024153430572,-0.02696361334263761,nan,nan,nan,nan
18.705854892730713,-1.4535079,-0.80958796,-3.0363603,-0.004762420019734835,nan,nan,nan,nan,nan,nan,8.701098203659058,8.701098203659058,0.008216142654418945,-1.4569921,-0.99811244,0.0,-3.0,0.7342665685033448,0.06710524243511334,-0.015086248490862441,-0.03302531674705078,nan,nan,nan,nan
18.79492449760437,-1.3718523,-0.80190223,-3.0352664,-0.004741124551266622,nan,nan,nan,nan,nan,nan,8.790039539337158,8.790039539337158,0.006207942962646484,-1.3781916,-0.9987345,0.0,-3.0,0.7337851089550159,0.023877563455297412,0.016637511829755043,-0.03237022800689998,nan,nan,nan,nan
18.890510082244873,-1.2899604,-0.78184104,-3.0347548,-0.004949952821420918,nan,nan,nan,nan,nan,nan,8.885579824447632,8.885579824447632,0.00737762451171875,-1.2887579,-0.9855213,0.0,-3.0,0.7331561993711946,-0.011985024021864327,0.039347235220769015,-0.03381998889745747,nan,nan,nan,nan
19.006080150604248,-1.194866,-0.74643046,-3.035254,-0.005442444301686847,nan,nan,nan,nan,nan,nan,9.001405954360962,9.001405954360962,0.0062448978424072266,-1.1741407,-0.9505091,0.0,-3.0,0.7327516321331848,-0.03310368103180071,0.043946462129325695,-0.037218218801713616,nan,nan,nan,nan
19.091771602630615,-1.1015468,-0.7013673,-3.036482,-0.006208863344658637,nan,nan,nan,nan,nan,nan,9.087065696716309,9.087065696716309,0.006168842315673828,-1.0853416,-0.9116277,0.0,-3.0,0.7317338955909772,-0.05610811057953194,0.05436404212930423,-0.03714993220023266,nan,nan,nan,nan
19.194724559783936,-1.0031247,-0.6448324,-3.0379136,-0.007231810709228577,nan,nan,nan,nan,nan,nan,9.18986964225769,9.18986964225769,0.006439208984375,-0.9746433,-0.8510805,0.0,-3.0,0.7313094814648081,-0.06499850476624437,0.04837419046556018,-0.038916344086664036,nan,nan,nan,nan
19.295063018798828,-0.89134,-0.57234484,-3.0394597,-0.008722352571249349,nan,nan,nan,nan,nan,nan,9.29027771949768,9.29027771949768,0.006305694580078125,-0.8625972,-0.7782432,0.0,-3.0,0.7304665630604679,-0.08304945634235573,0.05144310883277461,-0.03845792810757823,nan,nan,nan,nan
19.394213676452637,-0.7835259,-0.49665254,-3.0408525,-0.01056015231129493,nan,nan,nan,nan,nan,nan,9.389372825622559,9.389372825622559,0.0072784423828125,-0.7486493,-0.6942208,0.0,-3.0,0.7293909067157328,-0.10540320296069441,0.06189967674387204,-0.03557016124791707,nan,nan,nan,nan
19.494632482528687,-0.66262835,-0.4070106,-3.0422497,-0.012957326899571027,nan,nan,nan,nan,nan,nan,9.489767074584961,9.489767074584961,0.006461143493652344,-0.6302508,-0.5981396,0.0,-3.0,0.7283920969557698,-0.12406693790251017,0.07329381163647446,-0.031218074056067358,nan,nan,nan,nan
19.595623016357422,-0.54771006,-0.3188357,-3.0435386,-0.015487442278497743,nan,nan,nan,nan,nan,nan,9.590729236602783,9.590729236602783,0.0063745975494384766,-0.50865525,-0.4919297,0.0,-3.0,0.7280939261343223,-0.12523180072835516,0.07061336526960803,-0.02635481941171794,nan,nan,nan,nan
19.707865953445435,-0.400139,-0.20310986,-3.0450728,-0.018899155763637904,nan,nan,nan,nan,nan,nan,9.703765153884888,9.703765153884888,0.010675191879272461,-0.37011397,-0.36372128,0.0,-3.0,0.7276799765697255,-0.1259151510066842,0.06829662355846153,-0.019041105390820216,nan,nan,nan,nan
19.805769205093384,-0.28994453,-0.11598345,-3.0463772,-0.021405265189917,nan,nan,nan,nan,nan,nan,9.801827669143677,9.801827669143677,0.007655143737792969,-0.2483877,-0.24646467,0.0,-3.0,0.7271536854616238,-0.12558620326708234,0.06645563001167365,-0.008671018682547878,nan,nan,nan,nan
19.893489360809326,-0.19900998,-0.043965314,-3.0476968,-0.023342929258211315,nan,nan,nan,nan,nan,nan,9.888595819473267,9.888595819473267,0.006246328353881836,-0.13988033,-0.1395378,0.0,-3.0,0.7268896580654637,-0.11999897661955032,0.05562120563423839,-0.0047548077763976135,nan,nan,nan,nan
19.99403405189514,-0.07701469,0.052194104,-3.0493708,-0.025509470543257827,nan,nan,nan,nan,nan,nan,9.989157915115356,9.989157915115356,0.0066411495208740234,-0.01362446,-0.013624144,0.0,-3.0,0.7262902551662039,-0.12274884642595764,0.051587788318123565,0.005460943440571126,nan,nan,nan,nan
20.094062089920044,0.03497326,0.13943125,-3.0506434,-0.027063181887502105,nan,nan,nan,nan,nan,nan,10.089242458343506,10.089242458343506,0.006434202194213867,0.112086624,0.11191046,0.0,-3.0,0.7259496318130512,-0.12523742515963152,0.04379824674663662,0.016814704427150756,nan,nan,nan,nan
20.195564031600952,0.16695814,0.2401536,-3.0516336,-0.02825148397050996,nan,nan,nan,nan,nan,nan,10.190635442733765,10.190635442733765,0.009285211563110352,0.23898713,0.2372748,0.0,-3.0,0.7257739480839324,-0.1309039800857679,0.0428512541455134,0.026172286366994816,nan,nan,nan,nan
20.30536460876465,0.3074729,0.3446211,-3.0518334,-0.028529272776444792,nan,nan,nan,nan,nan,nan,10.300585746765137,10.300585746765137,0.007537841796875,0.37548563,0.36880884,0.0,-3.0,0.7259007001207398,-0.1349823138175341,0.037009818568360095,0.034812517109418246,nan,nan,nan,nan
20.399820804595947,0.4347713,0.43566263,-3.051127,-0.027778574762446065,nan,nan,nan,nan,nan,nan,10.39491868019104,10.39491868019104,0.006513118743896484,0.4911925,0.47614834,0.0,-3.0,0.7265679470350316,-0.13643138801748858,0.052501788088365794,0.038035837396243506,nan,nan,nan,nan
20.505587100982666,0.57723814,0.5316354,-3.0495932,-0.025711869851161667,nan,nan,nan,nan,nan,nan,10.502001762390137,10.502001762390137,0.007555961608886719,0.6204259,0.5898185,0.0,-3.0,0.7273310516750684,-0.13151944385795228,0.04609092551851205,0.04161429673956691,nan,nan,nan,nan
20.589951992034912,0.6695541,0.58894116,-3.0479956,-0.02371651529761521,nan,nan,nan,nan,nan,nan,10.585243940353394,10.585243940353394,0.0064504146575927734,0.71897686,0.6709129,0.0,-3.0,0.7279355847785948,-0.1286297161436334,0.033337251840132136,0.04503062708180605,nan,nan,nan,nan
20.695961475372314,0.7863433,0.6536668,-3.045463,-0.020543865994760366,nan,nan,nan,nan,nan,nan,10.69108247756958,10.69108247756958,0.006354331970214844,0.8414057,0.763322,0.0,-3.0,0.7290505610915607,-0.11298541486206376,0.03250084436286968,0.044319196350518196,nan,nan,nan,nan
20.79621410369873,0.8909341,0.703331,-3.042197,-0.017200056208519367,nan,nan,nan,nan,nan,nan,10.791328430175781,10.791328430175781,0.006987571716308594,0.95394397,0.838439,0.0,-3.0,0.7300602452939513,-0.10033906853381161,0.0292913185490648,0.043912769205932504,nan,nan,nan,nan
20.899044513702393,1.0010755,0.74482495,-3.0375898,-0.013305711508940249,nan,nan,nan,nan,nan,nan,10.894173622131348,10.894173622131348,0.006711483001708984,1.0654645,0.9016854,0.0,-3.0,0.7314720070530919,-0.07591653088174692,0.03790821694450428,0.03982722376054693,nan,nan,nan,nan
21.001777172088623,1.107453,0.77284926,-3.03298,-0.009348766401692347,nan,nan,nan,nan,nan,nan,10.996870756149292,10.996870756149292,0.006765842437744141,1.1723869,0.949834,0.0,-3.0,0.7326932939027471,-0.06878244679489598,0.035378251328527066,0.039600654620175244,nan,nan,nan,nan
21.090151071548462,1.2011521,0.78610057,-3.02885,-0.005743269000584923,nan,nan,nan,nan,nan,nan,11.086035966873169,11.086035966873169,0.010716915130615234,1.2612784,0.9788481,0.0,-3.0,0.7334617843626569,-0.057613539901815336,0.03799385137674248,0.03816789898882457,nan,nan,nan,nan
21.20660424232483,1.2754264,0.7872524,-3.0255597,-0.002834220558147929,nan,nan,nan,nan,nan,nan,11.20244836807251,11.20244836807251,0.010710954666137695,1.3713354,0.9982152,0.0,-3.0,0.7344687509951123,-0.04588612320425184,0.038254240470702375,0.03674238093562271,nan,nan,nan,nan
21.291898727416992,1.3670691,0.7757545,-3.021993,0.0007830948473988367,nan,nan,nan,nan,nan,nan,11.287015914916992,11.287015914916992,0.006281852722167969,1.4467196,0.99891835,0.0,-3.0,0.7346528955393818,0.004343475954666613,0.04484712113209583,0.02970480323549938,nan,nan,nan,nan
21.406026124954224,1.4461801,0.7525777,-3.0198846,0.003894615883444176,nan,nan,nan,nan,nan,nan,11.401243686676025,11.401243686676025,0.007309436798095703,1.5420222,0.9819932,0.0,-3.0,0.7347740200250296,0.015111860794007028,0.04043098683209368,0.02779561373674999,nan,nan,nan,nan
21.49219799041748,1.5254464,0.7139368,-3.0185003,0.0070043267880387505,nan,nan,nan,nan,nan,nan,11.487351417541504,11.487351417541504,0.007411003112792969,1.6086403,0.9558479,0.0,-3.0,0.734196466034271,0.04817097428698891,0.0393847115253026,0.02264463779709183,nan,nan,nan,nan
21.60301446914673,1.6025097,0.65752906,-3.0175211,0.009973853296941955,nan,nan,nan,nan,nan,nan,11.598299741744995,11.598299741744995,0.006594419479370117,1.68751,0.9057347,0.0,-3.0,0.7336602519688781,0.06763136412185279,0.03347008338262164,0.018523439598786835,nan,nan,nan,nan
21.702592611312866,1.6612879,0.5982514,-3.0170848,0.012151684395635569,nan,nan,nan,nan,nan,nan,11.697768926620483,11.697768926620483,0.006566286087036133,1.751261,0.84582686,0.0,-3.0,0.7332127231531747,0.0808694591241842,0.026532591867387115,0.014736395517297298,nan,nan,nan,nan
21.791324138641357,1.6967665,0.5538276,-3.0170019,0.013407591568809107,nan,nan,nan,nan,nan,nan,11.786458253860474,11.786458253860474,0.00829935073852539,1.8023431,0.7812482,0.0,-3.0,0.7338955245438025,0.05030750599218762,0.02595332018232619,0.014471547243695083,nan,nan,nan,nan
21.903303861618042,1.7555116,0.46165118,-3.0179384,0.0153675016132191,nan,nan,nan,nan,nan,nan,11.898435831069946,11.898435831069946,0.006508588790893555,1.8588285,0.68597865,0.0,-3.0,0.7332403400771357,0.06273650154635209,0.022735995772276193,0.0102473740971268,nan,nan,nan,nan
22.006511449813843,1.8029437,0.35947934,-3.0204494,0.016678482452551418,nan,nan,nan,nan,nan,nan,12.001851320266724,12.001851320266724,0.006724119186401367,1.9028306,0.58590156,0.0,-3.0,0.7313604555020642,0.09850041147875432,0.013768180101775104,0.006337221938755227,nan,nan,nan,nan
22.09303569793701,1.8236325,0.30159655,-3.0220802,0.017158856324093055,nan,nan,nan,nan,nan,nan,12.088821172714233,12.088821172714233,0.0068318843841552734,1.933625,0.49401584,0.0,-3.0,0.7313641686000412,0.07804459657450209,0.020371600928428057,0.005712295597869375,nan,nan,nan,nan
22.20421314239502,1.8520048,0.19641118,-3.0251238,0.017505065670080557,nan,nan,nan,nan,nan,nan,12.199434757232666,12.199434757232666,0.0064165592193603516,1.9644413,0.36878487,0.0,-3.0,0.7301063988511762,0.0923691646476787,0.016802287598128688,0.002928597680282072,nan,nan,nan,nan
22.30610203742981,1.8730992,0.07280773,-3.028568,0.017263855977601023,nan,nan,nan,nan,nan,nan,12.301940441131592,12.301940441131592,0.01102590560913086,1.9845335,0.24632733,0.0,-3.0,0.7286652786627268,0.12158299365582252,0.0024560684478482442,0.0009803720861546194,nan,nan,nan,nan
22.39874267578125,1.8806684,-0.0051078815,-3.0305462,0.016834712846213247,nan,nan,nan,nan,nan,nan,12.394447088241577,12.394447088241577,0.007193088531494141,1.9956032,0.1322531,0.0,-3.0,0.7282230975089229,0.12110981121725706,0.003863995965849693,0.0019049057817190108,nan,nan,nan,nan
22.500882625579834,1.8837067,-0.08306366,-3.0323553,0.016298649964870897,nan,nan,nan,nan,nan,nan,12.496005058288574,12.496005058288574,0.00665593147277832,1.9999937,0.005020171,0.0,-3.0,0.7278614256938342,0.12172908417740595,0.006590448199938415,0.001964162984351735,nan,nan,nan,nan
22.60473942756653,1.8809382,-0.1829949,-3.0347114,0.01538346597798778,nan,nan,nan,nan,nan,nan,12.600589752197266,12.600589752197266,0.006201505661010742,1.9960067,-0.12606846,0.0,-3.0,0.7276406215947131,0.12089162228999946,0.012973892785464998,0.0040717420863101445,nan,nan,nan,nan
22.702383518218994,1.8683224,-0.29428738,-3.0374641,0.014271106077092414,nan,nan,nan,nan,nan,nan,12.698509216308594,12.698509216308594,0.006448030471801758,1.9844633,-0.24687493,0.0,-3.0,0.7273859804659306,0.12112691462410838,0.016939984961897206,0.005740869817569138,nan,nan,nan,nan
22.78275156021118,1.8591411,-0.34419882,-3.0385823,0.013715854316489376,nan,nan,nan,nan,nan,nan,12.778496980667114,12.778496980667114,0.010997533798217773,1.9694583,-0.34286928,0.0,-3.0,0.7273755095489385,0.11777975653592859,0.03834073370766684,0.008032407401273197,nan,nan,nan,nan
22.89114212989807,1.8347738,-0.43897274,-3.0409462,0.012707379674741856,nan,nan,nan,nan,nan,nan,12.886340618133545,12.886340618133545,0.006620168685913086,1.9413637,-0.46664175,0.0,-3.0,0.7271201767710693,0.12277563355447413,0.02855988365182265,0.00621931585962266,nan,nan,nan,nan
22.99390196800232,1.8049679,-0.5202006,-3.0430489,0.011928174911009642,nan,nan,nan,nan,nan,nan,12.989276885986328,12.989276885986328,0.006617546081542969,1.9062339,-0.5768307,0.0,-3.0,0.7269782231700559,0.12319405636270134,0.021119245745536176,0.006143563682209983,nan,nan,nan,nan
23.093011140823364,1.7706999,-0.58830535,-3.0445528,0.011276840605839465,nan,nan,nan,nan,nan,nan,13.088215351104736,13.088215351104736,0.007869482040405273,1.8649535,-0.67367715,0.0,-3.0,0.7272050441021678,0.11915745712198353,0.01666124250218239,0.006633040438128641,nan,nan,nan,nan
23.193978786468506,1.72651,-0.65351844,-3.045046,0.010676203383433433,nan,nan,nan,nan,nan,nan,13.189255952835083,13.189255952835083,0.007808685302734375,1.8153614,-0.7618372,0.0,-3.0,0.7279252225345347,0.11794079104122632,0.021794422625052188,0.009415505387249652,nan,nan,nan,nan
23.294066429138184,1.6753156,-0.7085884,-3.0448513,0.010174248671569394,nan,nan,nan,nan,nan,nan,13.28921127319336,13.28921127319336,0.006756305694580078,1.7591044,-0.83698606,0.0,-3.0,0.7288706212856961,0.10715984003529865,0.012481609636066439,0.009424924109909688,nan,nan,nan,nan
23.396223068237305,1.6170229,-0.7520161,-3.0440273,0.009701583811889625,nan,nan,nan,nan,nan,nan,13.391414642333984,13.391414642333984,0.006805419921875,1.6944121,-0.9001809,0.0,-3.0,0.7299122443436719,0.08412815834805494,-0.006223509239619916,0.009484728158114979,nan,nan,nan,nan
23.495455026626587,1.5571756,-0.7805186,-3.0428402,0.009346744798085747,nan,nan,nan,nan,nan,nan,13.490558385848999,13.490558385848999,0.007950544357299805,1.6249794,-0.94732326,0.0,-3.0,0.7307395618824377,0.06007248100300697,-0.017452108224858456,0.010046314328496835,nan,nan,nan,nan
23.59750247001648,1.4858801,-0.7977056,-3.04087,0.008933193975343028,nan,nan,nan,nan,nan,nan,13.592641830444336,13.592641830444336,0.006735801696777344,1.546904,-0.9805127,0.0,-3.0,0.7317053977404797,0.043594362273838415,-0.015158733533236582,0.01342837801738585,nan,nan,nan,nan
23.698139429092407,1.4140466,-0.80046916,-3.0387433,0.00859061243732362,nan,nan,nan,nan,nan,nan,13.693270683288574,13.693270683288574,0.006444454193115234,1.4637129,-0.99746007,0.0,-3.0,0.7323604912084565,0.014151940348656154,-0.023890931440415854,0.015703323208129765,nan,nan,nan,nan
23.798169374465942,1.329846,-0.7891746,-3.0361807,0.00840799295625727,nan,nan,nan,nan,nan,nan,13.793267011642456,13.793267011642456,0.007330417633056641,1.3752497,-0.9985223,0.0,-3.0,0.7329428785395247,-0.005592811826264785,-0.025564503597760732,0.019029830357162384,nan,nan,nan,nan
23.90022850036621,1.2681124,-0.7721557,-3.0344815,0.00835578615915624,nan,nan,nan,nan,nan,nan,13.895337581634521,13.895337581634521,0.006858348846435547,1.279357,-0.9833682,0.0,-3.0,0.7343642490232145,0.004521934454353155,0.001500896714765529,0.024563363327710225,nan,nan,nan,nan
24.00115704536438,1.1741803,-0.73486596,-3.0322313,0.00843199859991773,nan,nan,nan,nan,nan,nan,13.996273040771484,13.996273040771484,0.007310152053833008,1.1793562,-0.95249337,0.0,-3.0,0.7342455359379297,-0.02657633015965167,-0.00932881131211747,0.026063634590995734,nan,nan,nan,nan
24.091506004333496,1.0679238,-0.67892015,-3.030365,0.00880598988266474,nan,nan,nan,nan,nan,nan,14.08672833442688,14.08672833442688,0.006436586380004883,1.0856975,-0.9118019,0.0,-3.0,0.7331070361197327,-0.07278434210450961,-0.034392545811450334,0.026859508876639897,nan,nan,nan,nan
24.1924569606781,0.97270167,-0.61944103,-3.029366,0.009480159746839134,nan,nan,nan,nan,nan,nan,14.18763256072998,14.18763256072998,0.007044076919555664,0.97709715,-0.8525531,0.0,-3.0,0.7323979432810078,-0.09810181430704673,-0.042018182825178024,0.028650424602699336,nan,nan,nan,nan
24.29595398902893,0.88183874,-0.5567335,-3.0285604,0.010343578128608664,nan,nan,nan,nan,nan,nan,14.291057586669922,14.291057586669922,0.0067081451416015625,0.861713,-0.7776274,0.0,-3.0,0.7335185621650441,-0.07433838806569461,-0.008899794920773078,0.02972444387445358,nan,nan,nan,nan
24.393611907958984,0.7795161,-0.47999984,-3.0281236,0.011666717904465919,nan,nan,nan,nan,nan,nan,14.388768911361694,14.388768911361694,0.006571292877197266,0.749353,-0.6947668,0.0,-3.0,0.732907542473004,-0.08545196456623974,-0.012124785956562741,0.02965509616625436,nan,nan,nan,nan
24.50243830680847,0.656062,-0.38168076,-3.0279913,0.013471582945291202,nan,nan,nan,nan,nan,nan,14.497872829437256,14.497872829437256,0.00696110725402832,0.62057567,-0.58994573,0.0,-3.0,0.7324308556603639,-0.08699123687441217,-0.007179295329767794,0.027816498056834837,nan,nan,nan,nan
24.582886219024658,0.5654398,-0.30722523,-3.0277061,0.015016004832271546,nan,nan,nan,nan,nan,nan,14.578849077224731,14.578849077224731,0.010476112365722656,0.5230791,-0.50487214,0.0,-3.0,0.7312860705855165,-0.10569248685036149,-0.02562650468542208,0.02678931117138784,nan,nan,nan,nan
24.696431398391724,0.43661225,-0.19848791,-3.0275793,0.017340796357770288,nan,nan,nan,nan,nan,nan,14.691579103469849,14.691579103469849,0.0070688724517822266,0.38515192,-0.37794265,0.0,-3.0,0.7304306499033295,-0.111125140766382,-0.03224164114830601,0.02245081463133516,nan,nan,nan,nan
24.799668073654175,0.32512558,-0.102596544,-3.0281365,0.019411612406753778,nan,nan,nan,nan,nan,nan,14.79494309425354,14.79494309425354,0.0070629119873046875,0.25696978,-0.25483987,0.0,-3.0,0.7299199824023893,-0.10528826260344348,-0.02072151802367647,0.015459035429768116,nan,nan,nan,nan
24.902076244354248,0.20291284,0.0017799294,-3.0290287,0.02158444076552299,nan,nan,nan,nan,nan,nan,14.897274732589722,14.897274732589722,0.006764650344848633,0.12899877,-0.12873016,0.0,-3.0,0.7291524658939921,-0.10580403912556059,-0.014329245294778777,0.00740722068050942,nan,nan,nan,nan
25.002352952957153,0.05089302,0.1282683,-3.030669,0.024030133335877217,nan,nan,nan,nan,nan,nan,14.997451782226562,14.997451782226562,0.010292768478393555,0.0032021836,-0.0032021794,0.0,-3.0,0.727478125356126,-0.1303446761838367,-0.055784713170738895,0.0021002325561313363,nan,nan,nan,nan
25.093320608139038,-0.015840279,0.18228792,-3.0316405,0.02492848538640214,nan,nan,nan,nan,nan,nan,15.088487386703491,15.088487386703491,0.006449699401855469,-0.11113925,0.11096752,0.0,-3.0,0.7274630572225936,-0.11580564415560649,-0.026701957121292384,-0.005174313368356957,nan,nan,nan,nan
25.193392515182495,-0.13966702,0.27884838,-3.03386,0.026269520273032115,nan,nan,nan,nan,nan,nan,15.188496112823486,15.188496112823486,0.006428956985473633,-0.23631783,0.23466235,0.0,-3.0,0.7266391986191798,-0.1160014503946515,-0.03134521747861998,-0.012856893986886017,nan,nan,nan,nan
25.30622410774231,-0.29156741,0.39043266,-3.037451,0.027173634203193766,nan,nan,nan,nan,nan,nan,15.301342964172363,15.301342964172363,0.006802558898925781,-0.37642023,0.36969313,0.0,-3.0,0.7258247895333898,-0.11525200383104708,-0.05295861465638726,-0.020501917374775146,nan,nan,nan,nan
25.40450429916382,-0.405173,0.46732756,-3.0402384,0.027195220909881572,nan,nan,nan,nan,nan,nan,15.399828672409058,15.399828672409058,0.008260011672973633,-0.49717125,0.481565,0.0,-3.0,0.7253934264488052,-0.1105639507704851,-0.05505447070409184,-0.02663909857799839,nan,nan,nan,nan
25.505807161331177,-0.5271851,0.543306,-3.0427058,0.026568250334966022,nan,nan,nan,nan,nan,nan,15.501006126403809,15.501006126403809,0.006493568420410156,-0.6192363,0.58880764,0.0,-3.0,0.7252724998841189,-0.10447333389403593,-0.06259122464385712,-0.030984830350812047,nan,nan,nan,nan
25.593231439590454,-0.6103196,0.59126395,-3.043448,0.025686940856117405,nan,nan,nan,nan,nan,nan,15.588434934616089,15.588434934616089,0.006951808929443359,-0.7227173,0.673881,0.0,-3.0,0.7252528189252248,-0.11379146395135155,-0.03403493359578638,-0.0413252498438902,nan,nan,nan,nan
25.69520664215088,-0.71862334,0.64828986,-3.0428107,0.023986427313358746,nan,nan,nan,nan,nan,nan,15.690305948257446,15.690305948257446,0.0063018798828125,-0.8405203,0.7626912,0.0,-3.0,0.7262625111103498,-0.11406796659107293,-0.03613616321190453,-0.04638649661185569,nan,nan,nan,nan
25.796432971954346,-0.8323597,0.6998413,-3.0409083,0.021472612870834868,nan,nan,nan,nan,nan,nan,15.791584253311157,15.791584253311157,0.007868051528930664,-0.9542265,0.83861417,0.0,-3.0,0.7276682545185598,-0.10414843803983992,-0.0415873625572642,-0.04807271250889427,nan,nan,nan,nan
25.895361185073853,-0.9342845,0.737752,-3.0382493,0.018601540863714558,nan,nan,nan,nan,nan,nan,15.89052414894104,15.89052414894104,0.00665736198425293,-1.0615807,0.89969295,0.0,-3.0,0.7291266708849673,-0.10423883868100982,-0.03408055318249651,-0.05203675079630525,nan,nan,nan,nan
25.99553346633911,-1.0327309,0.76520973,-3.0350888,0.01518330591174765,nan,nan,nan,nan,nan,nan,15.990636587142944,15.990636587142944,0.00666356086730957,-1.166031,0.94735473,0.0,-3.0,0.7306674825795729,-0.08901252267224696,-0.037486705556283105,-0.051149093751350884,nan,nan,nan,nan
26.093552112579346,-1.1272728,0.78192776,-3.03207,0.01139564106125033,nan,nan,nan,nan,nan,nan,16.08872938156128,16.08872938156128,0.006513833999633789,-1.2639033,0.9795349,0.0,-3.0,0.7319102096503333,-0.07697362741547178,-0.037858555771539515,-0.05035936292386195,nan,nan,nan,nan
26.18999934196472,-1.2102545,0.78758025,-3.0297313,0.007668767184061641,nan,nan,nan,nan,nan,nan,16.185211658477783,16.185211658477783,0.007359981536865234,-1.3554884,0.9966876,0.0,-3.0,0.7327776700929026,-0.05989630545058596,-0.041394531155001336,-0.047987968216677966,nan,nan,nan,nan
26.3084979057312,-1.3168384,0.7798978,-3.027143,0.002383330434321221,nan,nan,nan,nan,nan,nan,16.30438542366028,16.30438542366028,0.010672807693481445,-1.4617041,0.9976655,0.0,-3.0,0.7336459621713249,-0.05795857833748719,-0.03951983945739423,-0.0470661226763323,nan,nan,nan,nan
26.39223027229309,-1.383502,0.76488686,-3.0257578,-0.0011597162273441278,nan,nan,nan,nan,nan,nan,16.38760256767273,16.38760256767273,0.007958412170410156,-1.5310494,0.98508716,0.0,-3.0,0.7339077310129591,-0.031824334793290485,-0.04190551156887609,-0.04224864485694004,nan,nan,nan,nan
26.490744829177856,-1.4767509,0.72747356,-3.0240936,-0.006407863571953831,nan,nan,nan,nan,nan,nan,16.486009120941162,16.486009120941162,0.006294965744018555,-1.6076375,0.9563422,0.0,-3.0,0.7336409289940425,0.015383861937213692,-0.0450246574965893,-0.032903779382177284,nan,nan,nan,nan
26.59395980834961,-1.5505031,0.6809491,-3.0231895,-0.01074397731849002,nan,nan,nan,nan,nan,nan,16.589260578155518,16.589260578155518,0.006793498992919922,-1.6813862,0.91049063,0.0,-3.0,0.7331142158131572,0.06074291883907535,-0.04418656873183691,-0.02521705373782789,nan,nan,nan,nan
26.693687677383423,-1.6123985,0.62727845,-3.0224383,-0.014478236763312204,nan,nan,nan,nan,nan,nan,16.688842058181763,16.688842058181763,0.0065953731536865234,-1.7458154,0.85175776,0.0,-3.0,0.7333611839218485,0.0605155471779879,-0.04127309567538212,-0.022526259318714773,nan,nan,nan,nan
26.791910886764526,-1.667891,0.5634857,-3.0216095,-0.017793477543302218,nan,nan,nan,nan,nan,nan,16.78723669052124,16.78723669052124,0.0062067508697509766,-1.802767,0.78063726,0.0,-3.0,0.7329614301950245,0.08459207462102636,-0.03606426446410605,-0.015279714062111895,nan,nan,nan,nan
26.892356634140015,-1.7169914,0.4902844,-3.0209966,-0.020697804432276583,nan,nan,nan,nan,nan,nan,16.88760280609131,16.88760280609131,0.006264448165893555,-1.8537617,0.69582003,0.0,-3.0,0.7328802958192832,0.09219199563449898,-0.0319252422494186,-0.009937512933757053,nan,nan,nan,nan
27.005637884140015,-1.7664306,0.39447525,-3.0204515,-0.02354998184704512,nan,nan,nan,nan,nan,nan,17.000977039337158,17.000977039337158,0.006593465805053711,-1.902492,0.5867915,0.0,-3.0,0.7320386786834064,0.11867152202926365,-0.02495896441174179,-0.0023540811271212077,nan,nan,nan,nan
27.10367727279663,-1.7994417,0.31264535,-3.0200171,-0.02530469386939491,nan,nan,nan,nan,nan,nan,17.098774194717407,17.098774194717407,0.0062830448150634766,-1.9367827,0.48310295,0.0,-3.0,0.7322853980817504,0.11029594439831265,-0.030389508527696747,0.00024515462393532764,nan,nan,nan,nan
27.199305772781372,-1.826956,0.22629143,-3.0198328,-0.026602080230139477,nan,nan,nan,nan,nan,nan,17.194615602493286,17.194615602493286,0.0066721439361572266,-1.9632953,0.37440717,0.0,-3.0,0.7318088402773434,0.12273053643296732,-0.03020985877683245,0.00431974646324243,nan,nan,nan,nan
27.301900148391724,-1.8518479,0.12002737,-3.019802,-0.02743866313414374,nan,nan,nan,nan,nan,nan,17.297046661376953,17.297046661376953,0.00834202766418457,-1.9837608,0.25228286,0.0,-3.0,0.7314003500112949,0.12631648673359547,-0.03269592425738355,0.006757509808838125,nan,nan,nan,nan
27.40192151069641,-1.8672274,0.019509606,-3.019733,-0.027583639104072476,nan,nan,nan,nan,nan,nan,17.39706039428711,17.39706039428711,0.006474494934082031,-1.9958181,0.12899727,0.0,-3.0,0.7307186298153077,0.13980789085672538,-0.025542404009386992,0.011481667836122218,nan,nan,nan,nan
27.500959873199463,-1.8765874,-0.106916696,-3.0196757,-0.027073861975731833,nan,nan,nan,nan,nan,nan,17.496061086654663,17.496061086654663,0.00654911994934082,-1.9999939,0.0049497643,0.0,-3.0,0.730202831214129,0.1489942664735418,-0.015539199372057302,0.013704415085937512,nan,nan,nan,nan
27.601582765579224,-1.8761604,-0.21498625,-3.0198977,-0.026116282482477184,nan,nan,nan,nan,nan,nan,17.59676241874695,17.59676241874695,0.007898807525634766,-1.9963048,-0.121295825,0.0,-3.0,0.7298520713543019,0.15206484418678062,-0.006419923375854948,0.016504793828455832,nan,nan,nan,nan
27.693522930145264,-1.8718686,-0.2797203,-3.0200114,-0.0252825431359489,nan,nan,nan,nan,nan,nan,17.688672065734863,17.688672065734863,0.006867170333862305,-1.9859632,-0.23487727,0.0,-3.0,0.7299431833578511,0.14338349696516112,-0.024422313293169393,0.013535438875886562,nan,nan,nan,nan
27.794268369674683,-1.8585094,-0.38043517,-3.0206692,-0.023590090332658686,nan,nan,nan,nan,nan,nan,17.789386510849,17.789386510849,0.006291866302490234,-1.9670299,-0.35569146,0.0,-3.0,0.7296162080338147,0.14188884938902993,-0.01677873314149066,0.01414918199848569,nan,nan,nan,nan
27.89841651916504,-1.838939,-0.46648827,-3.0219846,-0.021653392069749026,nan,nan,nan,nan,nan,nan,17.893502473831177,17.893502473831177,0.006804704666137695,-1.9391807,-0.4745826,0.0,-3.0,0.7293829745061696,0.1337127017658735,-0.014772448296727865,0.012304983801644749,nan,nan,nan,nan
28.00312089920044,-1.8049525,-0.56205827,-3.0244288,-0.018788748770555867,nan,nan,nan,nan,nan,nan,17.998461961746216,17.998461961746216,0.006706714630126953,-1.9027094,-0.5862205,0.0,-3.0,0.7291295054359073,0.12257982886410859,-0.021599145350702304,0.007699162002548849,nan,nan,nan,nan
28.105257272720337,-1.767962,-0.63268864,-3.0264292,-0.016192783751298206,nan,nan,nan,nan,nan,nan,18.100396871566772,18.100396871566772,0.007701873779296875,-1.8593693,-0.6849106,0.0,-3.0,0.7288144657100236,0.09538150330349754,0.0022820613541207893,0.00509840391265092,nan,nan,nan,nan
28.186020374298096,-1.7417401,-0.6698372,-3.0272815,-0.014542029921966154,nan,nan,nan,nan,nan,nan,18.18182396888733,18.18182396888733,0.010905742645263672,-1.819261,-0.75575435,0.0,-3.0,0.7292348947526917,0.11068144900720545,-0.043396824127394575,-0.0021546519643861855,nan,nan,nan,nan
28.297008752822876,-1.6852683,-0.7267484,-3.0280073,-0.011714100920017047,nan,nan,nan,nan,nan,nan,18.29267644882202,18.29267644882202,0.00784611701965332,-1.7570283,-0.839361,0.0,-3.0,0.7293956283373475,0.06111288376796255,0.006027824162307839,-0.0042609420875504,nan,nan,nan,nan
28.397517442703247,-1.6377912,-0.75742596,-3.0277808,-0.009800106875390818,nan,nan,nan,nan,nan,nan,18.392791271209717,18.392791271209717,0.010943889617919922,-1.6934924,-0.90093297,0.0,-3.0,0.7301864161568097,0.06630271175680877,-0.016116458258729392,-0.009664527270991352,nan,nan,nan,nan
28.4849534034729,-1.5702947,-0.78244776,-3.0265524,-0.0076473395524744164,nan,nan,nan,nan,nan,nan,18.48079013824463,18.48079013824463,0.010926008224487305,-1.6321049,-0.9433205,0.0,-3.0,0.7305618394119854,0.032528319123801316,0.017007817359795056,-0.012836719619957098,nan,nan,nan,nan
28.598397731781006,-1.512374,-0.79158837,-3.0251098,-0.006293951874886343,nan,nan,nan,nan,nan,nan,18.593657970428467,18.593657970428467,0.008011341094970703,-1.5460943,-0.9807627,0.0,-3.0,0.7319382130673274,0.04030937631334268,-0.0022882788146020216,-0.020899043203426358,nan,nan,nan,nan
28.695101022720337,-1.4262457,-0.7894276,-3.0232697,-0.004963292612055845,nan,nan,nan,nan,nan,nan,18.69032883644104,18.69032883644104,0.008258342742919922,-1.4662297,-0.99718994,0.0,-3.0,0.732265673053315,0.010283570089964954,0.02366768193852,-0.025444708550603275,nan,nan,nan,nan
28.806178092956543,-1.3512223,-0.77585864,-3.0224771,-0.004427773758062831,nan,nan,nan,nan,nan,nan,18.80078959465027,18.80078959465027,0.0072557926177978516,-1.3683708,-0.9979639,0.0,-3.0,0.7329982038369202,0.010286511871932491,0.01750678624945794,-0.032269415186829575,nan,nan,nan,nan
28.904574871063232,-1.2641926,-0.7494634,-3.0225792,-0.004513606244281133,nan,nan,nan,nan,nan,nan,18.89976739883423,18.89976739883423,0.009224414825439453,-1.2750732,-0.982342,0.0,-3.0,0.7335735441781753,0.021574948409348815,0.0019153171956852561,-0.03747904609322701,nan,nan,nan,nan
29.002948999404907,-1.2000842,-0.7244397,-3.0233867,-0.00508333442895699,nan,nan,nan,nan,nan,nan,18.998634099960327,18.998634099960327,0.011218547821044922,-1.1769587,-0.95158553,0.0,-3.0,0.7336787089650849,0.02546625085835152,-0.00416317951210874,-0.04209762592954973,nan,nan,nan,nan
29.105993032455444,-1.1023082,-0.6791513,-3.0256498,-0.006486867151690778,nan,nan,nan,nan,nan,nan,19.101911306381226,19.101911306381226,0.005498647689819336,-1.0696249,-0.9038018,0.0,-3.0,0.733063700780907,0.01878896359426464,-0.0015153857488960233,-0.044790928309817145,nan,nan,nan,nan
29.191725254058838,-0.9987853,-0.6235033,-3.0284739,-0.008488119137964295,nan,nan,nan,nan,nan,nan,19.186368227005005,19.186368227005005,0.006273746490478516,-0.97848314,-0.8533824,0.0,-3.0,0.7305644881651641,-0.03878968784660675,0.05006412328930523,-0.03998682527667603,nan,nan,nan,nan
29.295955657958984,-0.8973889,-0.56313956,-3.0313182,-0.010644583239419726,nan,nan,nan,nan,nan,nan,19.291651248931885,19.291651248931885,0.006426572799682617,-0.8610397,-0.77715814,0.0,-3.0,0.7298059708798814,-0.05232888992710045,0.05339325641892077,-0.03667828962908439,nan,nan,nan,nan
29.39655876159668,-0.7820867,-0.48917833,-3.0349045,-0.013425397687615845,nan,nan,nan,nan,nan,nan,19.39177417755127,19.39177417755127,0.0046291351318359375,-0.7458502,-0.6920456,0.0,-3.0,0.7296080364925279,-0.05673315996054615,0.04976780391814119,-0.04021681756219234,nan,nan,nan,nan
29.494654893875122,-0.6713996,-0.4134426,-3.0390315,-0.01611281542036644,nan,nan,nan,nan,nan,nan,19.48993492126465,19.48993492126465,0.0038063526153564453,-0.63005066,-0.59797055,0.0,-3.0,0.7277939055829644,-0.0882078163786897,0.06881087843484104,-0.02951591895912147,nan,nan,nan,nan
29.59281849861145,-0.5477833,-0.32417637,-3.0432239,-0.019171993195426396,nan,nan,nan,nan,nan,nan,19.588037490844727,19.588037490844727,0.005968570709228516,-0.5119258,-0.49487185,0.0,-3.0,0.7266611119185047,-0.10874810794794267,0.07633595380652168,-0.02305332300743576,nan,nan,nan,nan
29.689927577972412,-0.4505674,-0.2512389,-3.0462492,-0.021377235266439327,nan,nan,nan,nan,nan,nan,19.68556547164917,19.68556547164917,0.009190559387207031,-0.39256465,-0.38492826,0.0,-3.0,0.7277544617131376,-0.08166565235242987,0.03311205427772409,-0.01922702401761842,nan,nan,nan,nan
29.79318141937256,-0.33147186,-0.15970398,-3.0494556,-0.02395573902024185,nan,nan,nan,nan,nan,nan,19.78826904296875,19.78826904296875,0.004815340042114258,-0.26528484,-0.26294076,0.0,-3.0,0.7259629280325632,-0.1204878490177399,0.05425550672414622,-0.006623497410821903,nan,nan,nan,nan
29.89498734474182,-0.18052152,-0.040650215,-3.0521486,-0.02655386481624729,nan,nan,nan,nan,nan,nan,19.88960552215576,19.88960552215576,0.0018358230590820312,-0.13861458,-0.13828126,0.0,-3.0,0.7247744520491441,-0.16047607796157534,0.0853677202031767,0.004305512022573806,nan,nan,nan,nan
29.99525809288025,-0.06006324,0.05662169,-3.0529752,-0.02790166923857758,nan,nan,nan,nan,nan,nan,19.989861965179443,19.989861965179443,0.002227306365966797,-0.012739744,-0.012739486,0.0,-3.0,0.7252804827308097,-0.1593026820051826,0.06744590406800562,0.015765163069308977,nan,nan,nan,nan
30.094936847686768,0.069169514,0.16236375,-3.0534031,-0.028631305965419074,nan,nan,nan,nan,nan,nan,20.089540481567383,20.089540481567383,0.0017461776733398438,0.11246054,0.112282604,0.0,-3.0,0.7256575194311369,-0.16047464531879066,0.05801906286443047,0.026015259227113487,nan,nan,nan,nan
30.195405960083008,0.18676685,0.25845394,-3.053572,-0.02846307229486074,nan,nan,nan,nan,nan,nan,20.19015860557556,20.19015860557556,0.0027740001678466797,0.2383922,0.23669265,0.0,-3.0,0.7260384876346925,-0.15484080710091866,0.03959769588355145,0.03405240511105851,nan,nan,nan,nan
30.294858694076538,0.30215874,0.35134053,-3.0530272,-0.027498123150900503,nan,nan,nan,nan,nan,nan,20.28945541381836,20.28945541381836,0.0017671585083007812,0.3617385,0.35577238,0.0,-3.0,0.7265689677785094,-0.149427231936771,0.02711087439545826,0.039100169072597356,nan,nan,nan,nan
30.40209937095642,0.42425126,0.44666722,-3.0517416,-0.025567280423643167,nan,nan,nan,nan,nan,nan,20.39781665802002,20.39781665802002,0.007622480392456055,0.49472183,0.47934756,0.0,-3.0,0.7272693022831231,-0.14417275540943533,0.016518892628911916,0.04218629161150606,nan,nan,nan,nan
30.498281002044678,0.5424088,0.53431493,-3.0503166,-0.02270406570968367,nan,nan,nan,nan,nan,nan,20.49359107017517,20.49359107017517,0.007376909255981445,0.6103695,0.58125067,0.0,-3.0,0.7278550134760169,-0.1389536766165696,0.015460243394731833,0.04098530785996727,nan,nan,nan,nan
30.591193199157715,0.6222618,0.5896103,-3.0493314,-0.020351265144810813,nan,nan,nan,nan,nan,nan,20.587071418762207,20.587071418762207,0.00692296028137207,0.72111934,0.6726141,0.0,-3.0,0.728237369869243,-0.14004210602981287,0.000850692043919413,0.044252377024412384,nan,nan,nan,nan
30.69819211959839,0.7353352,0.6605037,-3.0474615,-0.016651500482430366,nan,nan,nan,nan,nan,nan,20.693361520767212,20.693361520767212,0.006406068801879883,0.84400296,0.765169,0.0,-3.0,0.7291146729997345,-0.12766258089708785,0.013703333636590067,0.040943998848958545,nan,nan,nan,nan
30.80127501487732,0.84578484,0.7190888,-3.044746,-0.012904521110139726,nan,nan,nan,nan,nan,nan,20.79658603668213,20.79658603668213,0.0068356990814208984,0.9597457,0.8420214,0.0,-3.0,0.7300913491348936,-0.11671057118092969,0.021475500574068357,0.039880502475715,nan,nan,nan,nan
30.90392255783081,0.9699105,0.7691204,-3.040927,-0.008835704140346658,nan,nan,nan,nan,nan,nan,20.89905047416687,20.89905047416687,0.006893157958984375,1.0706459,0.9043184,0.0,-3.0,0.7314155355819545,-0.07624929102999187,0.046846053409465876,0.033258229281905756,nan,nan,nan,nan
30.98906922340393,1.0266682,0.78596264,-3.0391128,-0.0070587742543987,nan,nan,nan,nan,nan,nan,20.985437870025635,20.985437870025635,0.009623289108276367,1.160717,0.9452428,0.0,-3.0,0.7321200257432331,-0.07323442855231244,0.04373869242025431,0.03680279043338923,nan,nan,nan,nan
31.104514122009277,1.152532,0.80814886,-3.0351338,-0.0032629292310702787,nan,nan,nan,nan,nan,nan,21.099145889282227,21.099145889282227,0.006812095642089844,1.2740208,0.9820856,0.0,-3.0,0.7329916950383215,-0.04942667631906272,0.05087416503253536,0.03666244586988727,nan,nan,nan,nan
31.21095323562622,1.264932,0.8087902,-3.0318124,-9.50753720112621e-05,nan,nan,nan,nan,nan,nan,21.208629369735718,21.208629369735718,0.00571751594543457,1.376979,0.99864894,0.0,-3.0,0.7333437190126059,0.00030641248341125926,0.06319063138697484,0.030942369096574582,nan,nan,nan,nan
31.29592514038086,1.3151405,0.8024179,-3.0304973,0.0013182385493034077,nan,nan,nan,nan,nan,nan,21.290543794631958,21.290543794631958,0.007241725921630859,1.4497771,0.9987024,0.0,-3.0,0.7339094098353833,-0.007451348537735444,0.05593406024278418,0.034763514152067375,nan,nan,nan,nan
31.395422220230103,1.4304421,0.76924026,-3.027369,0.004595440146131745,nan,nan,nan,nan,nan,nan,21.392911195755005,21.392911195755005,0.007058382034301758,1.535333,0.9839175,0.0,-3.0,0.7339350452511277,0.02278049488624571,0.05491783431526619,0.030395747658468038,nan,nan,nan,nan
31.503727674484253,1.5055746,0.7317219,-3.0252633,0.006864750611856131,nan,nan,nan,nan,nan,nan,21.498964071273804,21.498964071273804,0.007146120071411133,1.6172684,0.951458,0.0,-3.0,0.7339412342956916,0.04797301583248632,0.04912529639570664,0.025868699716423794,nan,nan,nan,nan
31.605903387069702,1.5800953,0.6786365,-3.0236163,0.00927723799845906,nan,nan,nan,nan,nan,nan,21.600727558135986,21.600727558135986,0.008047103881835938,1.6891456,0.9044374,0.0,-3.0,0.7337236894233439,0.06638475590429298,0.041693613052179224,0.021551558970825422,nan,nan,nan,nan
31.7023708820343,1.6221386,0.6401103,-3.0229557,0.010699359706594594,nan,nan,nan,nan,nan,nan,21.699193716049194,21.699193716049194,0.005157947540283203,1.752125,0.8448704,0.0,-3.0,0.7342378065556631,0.04504968193950099,0.037284461721908815,0.02113591799419224,nan,nan,nan,nan
31.80638885498047,1.7022991,0.54529375,-3.0217855,0.013467172073139813,nan,nan,nan,nan,nan,nan,21.801591157913208,21.801591157913208,0.009375810623168945,1.8105046,0.76923716,0.0,-3.0,0.7336417845938773,0.06500243688117972,0.031103643111995673,0.015827128921527916,nan,nan,nan,nan
31.90652894973755,1.7470182,0.4748873,-3.0208826,0.014989489421576581,nan,nan,nan,nan,nan,nan,21.903198957443237,21.903198957443237,0.005050182342529297,1.861029,0.6816112,0.0,-3.0,0.7328620422403854,0.09424469972876529,0.023686304340537572,0.009237157069103228,nan,nan,nan,nan
31.994849681854248,1.7886928,0.39104527,-3.0200515,0.016405202766188898,nan,nan,nan,nan,nan,nan,21.99054455757141,21.99054455757141,0.005612373352050781,1.8984077,0.5973563,0.0,-3.0,0.7326735024752599,0.1051749251615246,0.020150026088563644,0.005580453435764596,nan,nan,nan,nan
32.09583878517151,1.8201319,0.30881497,-3.0197337,0.017367467463695396,nan,nan,nan,nan,nan,nan,22.090540170669556,22.090540170669556,0.006219387054443359,1.9341758,0.49213654,0.0,-3.0,0.7323733294675229,0.1139289155029741,0.01670389219836398,0.0023312274428256095,nan,nan,nan,nan
32.19888472557068,1.8490306,0.20652266,-3.0202475,0.018078408439465985,nan,nan,nan,nan,nan,nan,22.193498849868774,22.193498849868774,0.006225109100341797,1.9630272,0.37570807,0.0,-3.0,0.7316328265022345,0.12628622035666814,0.010325643951835451,-0.002769649028016328,nan,nan,nan,nan
32.306697845458984,1.8671852,0.11682056,-3.0214522,0.018309206187000118,nan,nan,nan,nan,nan,nan,22.301318645477295,22.301318645477295,0.0071675777435302734,1.9844364,0.24708454,0.0,-3.0,0.730634640227356,0.13371311640117664,0.007424851073038443,-0.004745276016131232,nan,nan,nan,nan
32.391040563583374,1.8801289,0.017267663,-3.0234153,0.01824585200190811,nan,nan,nan,nan,nan,nan,22.387836456298828,22.387836456298828,0.005557060241699219,1.9950354,0.14048263,0.0,-3.0,0.7294666685706219,0.1460751318065561,-0.0012965803229569625,-0.004893498875658624,nan,nan,nan,nan
32.49332237243652,1.8863132,-0.098582864,-3.0265677,0.017656423087508356,nan,nan,nan,nan,nan,nan,22.48839044570923,22.48839044570923,0.0074481964111328125,1.9999468,0.014588479,0.0,-3.0,0.7285511342601636,0.1433457203629253,-0.0025476818975432992,-0.005425491598922751,nan,nan,nan,nan
32.59308934211731,1.8845925,-0.19562912,-3.029516,0.016794902320161655,nan,nan,nan,nan,nan,nan,22.588878393173218,22.588878393173218,0.006444215774536133,1.9968823,-0.11145583,0.0,-3.0,0.7278301455346331,0.13543556132181553,-0.0006216891687674962,-0.0031539200683987855,nan,nan,nan,nan
32.701261043548584,1.8743607,-0.30377325,-3.0319912,0.015565188154157847,nan,nan,nan,nan,nan,nan,22.696579694747925,22.696579694747925,0.0045468807220458984,1.9847635,-0.24452455,0.0,-3.0,0.7275814107691968,0.1255420350864941,0.0021848060720600086,-0.0018380641700078033,nan,nan,nan,nan
32.7923367023468,1.8617947,-0.3769274,-3.0328922,0.0146402457783366,nan,nan,nan,nan,nan,nan,22.78758454322815,22.78758454322815,0.008907556533813477,1.9674382,-0.35357422,0.0,-3.0,0.7277421166903438,0.11649692447880924,0.003766235934454555,-0.0004139647136698559,nan,nan,nan,nan
32.90327715873718,1.8388606,-0.46598887,-3.033454,0.013551117888146478,nan,nan,nan,nan,nan,nan,22.88927435874939,22.88927435874939,0.006001710891723633,1.9404742,-0.4698992,0.0,-3.0,0.7281348841587358,0.10930859190150324,0.018918491043249098,0.0009156645283633015,nan,nan,nan,nan
32.99234366416931,1.816125,-0.5289349,-3.0339735,0.012846309559664173,nan,nan,nan,nan,nan,nan,22.987574577331543,22.987574577331543,0.006253719329833984,1.9068801,-0.57508194,0.0,-3.0,0.7285141699704921,0.11051644309620476,0.034969071607233664,0.0057506293391730145,nan,nan,nan,nan
33.09831118583679,1.7737441,-0.613399,-3.0347478,0.012031375861878472,nan,nan,nan,nan,nan,nan,23.093474626541138,23.093474626541138,0.0065310001373291016,1.862556,-0.6785466,0.0,-3.0,0.7287260646492757,0.10245682516024182,0.018374266957648412,0.0030869882815399282,nan,nan,nan,nan
33.20126724243164,1.7291765,-0.6755868,-3.0351775,0.0113833777316859,nan,nan,nan,nan,nan,nan,23.19637393951416,23.19637393951416,0.0072519779205322266,1.8115895,-0.7676007,0.0,-3.0,0.7292261491893848,0.08638373561584095,-0.006378081633267001,0.003059370112322103,nan,nan,nan,nan
33.29167866706848,1.6902479,-0.71601075,-3.0358171,0.010937442071025351,nan,nan,nan,nan,nan,nan,23.286981344223022,23.286981344223022,0.006680965423583984,1.7604359,-0.83544934,0.0,-3.0,0.7297297435892598,0.09425779888940462,0.013234678471098276,0.007208928488016444,nan,nan,nan,nan
33.398016929626465,1.638265,-0.75549537,-3.036251,0.010590054985185893,nan,nan,nan,nan,nan,nan,23.393153190612793,23.393153190612793,0.006997108459472656,1.6932504,-0.9011302,0.0,-3.0,0.7305412784096371,0.09971665608624587,0.028321063510221275,0.013236632956655508,nan,nan,nan,nan
33.49946618080139,1.5807688,-0.78461343,-3.0361612,0.010433570712096142,nan,nan,nan,nan,nan,nan,23.49459958076477,23.49459958076477,0.006583213806152344,1.6220136,-0.94893754,0.0,-3.0,0.7310505101600847,0.07947221437983189,0.011958912137068704,0.01354449782363172,nan,nan,nan,nan
33.60416388511658,1.5119194,-0.80371135,-3.035381,0.010489969809675412,nan,nan,nan,nan,nan,nan,23.599337816238403,23.599337816238403,0.006610870361328125,1.5415567,-0.982131,0.0,-3.0,0.7318666095530537,0.06427154330522136,0.006197284557486456,0.016020952999452668,nan,nan,nan,nan
33.70645570755005,1.4366986,-0.80893373,-3.034037,0.010727796162895861,nan,nan,nan,nan,nan,nan,23.701632261276245,23.701632261276245,0.006239652633666992,1.4565324,-0.99815345,0.0,-3.0,0.7328065445729365,0.0525456608504851,0.006799153353813898,0.019538794846885615,nan,nan,nan,nan
33.80454778671265,1.3617146,-0.8008477,-3.0325992,0.011081911295020591,nan,nan,nan,nan,nan,nan,23.799672603607178,23.799672603607178,0.006554841995239258,1.3693941,-0.9980525,0.0,-3.0,0.7333291374682439,0.025329016145953474,-0.0031108180262383305,0.021015350870463814,nan,nan,nan,nan
33.90345907211304,1.2743686,-0.7782328,-3.031325,0.011696527748398522,nan,nan,nan,nan,nan,nan,23.898693799972534,23.898693799972534,0.006772756576538086,1.2761123,-0.9825935,0.0,-3.0,0.7337329341087938,0.005254445655585284,-0.004703799861038873,0.022879423160664273,nan,nan,nan,nan
34.00407290458679,1.1883217,-0.7451323,-3.030741,0.012444113031769559,nan,nan,nan,nan,nan,nan,23.999217748641968,23.999217748641968,0.010832786560058594,1.1763656,-0.9513598,0.0,-3.0,0.7335865304651418,-0.01921389724435891,-0.012397484373557557,0.024105183193213333,nan,nan,nan,nan
34.10022044181824,1.074191,-0.6875162,-3.0307052,0.013717498823601917,nan,nan,nan,nan,nan,nan,24.09553337097168,24.09553337097168,0.011817693710327148,1.0763885,-0.90720266,0.0,-3.0,0.7325350271334928,-0.052289862743200605,-0.029160565214882545,0.023284849994253183,nan,nan,nan,nan
34.205952882766724,0.9943929,-0.63972694,-3.031007,0.014852261647454505,nan,nan,nan,nan,nan,nan,24.201067447662354,24.201067447662354,0.00662994384765625,0.96233165,-0.84360844,0.0,-3.0,0.7337445719746997,-0.028651736549158473,0.004887957697749428,0.026688913997290308,nan,nan,nan,nan
34.29862451553345,0.8947851,-0.57298434,-3.0320468,0.016375127702052503,nan,nan,nan,nan,nan,nan,24.293725967407227,24.293725967407227,0.006572246551513672,0.8586858,-0.7755148,0.0,-3.0,0.7322125242122353,-0.06839657644094647,-0.02018527623115084,0.026653262269034913,nan,nan,nan,nan
34.40164518356323,0.7649715,-0.47705927,-3.0341902,0.018294818408980437,nan,nan,nan,nan,nan,nan,24.39673089981079,24.39673089981079,0.010473966598510742,0.7400671,-0.687536,0.0,-3.0,0.7314921638983455,-0.08160259723295221,-0.016569077221613403,0.02414865911941044,nan,nan,nan,nan
34.50598645210266,0.6751717,-0.40654024,-3.035946,0.01974588925389697,nan,nan,nan,nan,nan,nan,24.50113821029663,24.50113821029663,0.006687641143798828,0.6166735,-0.5866275,0.0,-3.0,0.7301416374698652,-0.1011395299169068,-0.025183383175752486,0.021323400976995945,nan,nan,nan,nan
34.60001611709595,0.5555025,-0.30886886,-3.0382695,0.021757221896263907,nan,nan,nan,nan,nan,nan,24.595399618148804,24.595399618148804,0.006597757339477539,0.5029771,-0.48681155,0.0,-3.0,0.7285072734262961,-0.12508425415492988,-0.04261221536141798,0.017002668595954434,nan,nan,nan,nan
34.69935321807861,0.43358272,-0.20560014,-3.040287,0.02373512189923416,nan,nan,nan,nan,nan,nan,24.694456100463867,24.694456100463867,0.0066378116607666016,0.3816036,-0.37459302,0.0,-3.0,0.7274625785750872,-0.13838940830516863,-0.052678423542959,0.012476901812439557,nan,nan,nan,nan
34.80441093444824,0.3198158,-0.106855005,-3.0417702,0.025418471152345537,nan,nan,nan,nan,nan,nan,24.799538612365723,24.799538612365723,0.00677800178527832,0.25124168,-0.24925143,0.0,-3.0,0.7269895967933826,-0.14546128653087745,-0.054892505045461296,0.007415575255230337,nan,nan,nan,nan
34.90496349334717,0.19531186,0.0018916052,-3.0434132,0.02690904874632096,nan,nan,nan,nan,nan,nan,24.900086879730225,24.900086879730225,0.006733894348144531,0.12547208,-0.12522492,0.0,-3.0,0.7267931342581004,-0.14483452287570378,-0.04673119387539641,7.067603745799105e-05,nan,nan,nan,nan
34.99203276634216,0.108456776,0.07682796,-3.04399,0.027759964653661866,nan,nan,nan,nan,nan,nan,24.987188577651978,24.987188577651978,0.006960868835449219,0.016099134,-0.016098613,0.0,-3.0,0.7269805986155948,-0.13562218878375712,-0.02810449037531384,-0.006591069447787897,nan,nan,nan,nan
35.09094285964966,-0.03691259,0.19934514,-3.0435019,0.028772442048353754,nan,nan,nan,nan,nan,nan,25.086669445037842,25.086669445037842,0.0072934627532958984,-0.10885821,0.10869685,0.0,-3.0,0.7268100306090413,-0.14689453918826914,-0.055620469403135066,-0.010003494739376641,nan,nan,nan,nan
35.199257373809814,-0.1624983,0.30165192,-3.0428095,0.0291302610029415,nan,nan,nan,nan,nan,nan,25.194422006607056,25.194422006607056,0.007902383804321289,-0.2437107,0.24189454,0.0,-3.0,0.72727224767565,-0.13828543325892484,-0.05021812056385147,-0.016904558504163964,nan,nan,nan,nan
35.29339075088501,-0.24869908,0.3694345,-3.0424848,0.02900433160108508,nan,nan,nan,nan,nan,nan,25.28867506980896,25.28867506980896,0.008478641510009766,-0.360774,0.35485578,0.0,-3.0,0.7274390835882564,-0.13013787548278152,-0.0323710318058889,-0.024169608513434977,nan,nan,nan,nan
35.40395927429199,-0.38118318,0.4682838,-3.0422263,0.02829206002337832,nan,nan,nan,nan,nan,nan,25.399152040481567,25.399152040481567,0.008524656295776367,-0.4963476,0.48081964,0.0,-3.0,0.7275299899818229,-0.12517229398984672,-0.02642726560503088,-0.03165975284390085,nan,nan,nan,nan
35.50053930282593,-0.52020425,0.5638261,-3.0420904,0.026655750776783914,nan,nan,nan,nan,nan,nan,25.495763063430786,25.495763063430786,0.008250236511230469,-0.6129681,0.5834695,0.0,-3.0,0.7277947762614283,-0.11589256508012416,-0.04538879365193993,-0.03279798638925742,nan,nan,nan,nan
35.60065221786499,-0.62004244,0.6254418,-3.0419364,0.02492295641626646,nan,nan,nan,nan,nan,nan,25.59590220451355,25.59590220451355,0.0076656341552734375,-0.73145884,0.6807843,0.0,-3.0,0.7278622411804324,-0.11728892264582555,-0.024139381276753448,-0.041378793285578884,nan,nan,nan,nan
35.69855093955994,-0.73579895,0.68778974,-3.0413692,0.022342269493078375,nan,nan,nan,nan,nan,nan,25.693777561187744,25.693777561187744,0.007600307464599609,-0.84447694,0.7655055,0.0,-3.0,0.728499584614466,-0.09913980510056886,-0.04050159703841579,-0.04061290142968445,nan,nan,nan,nan
35.79830980300903,-0.82286394,0.72762245,-3.040493,0.01997050450861551,nan,nan,nan,nan,nan,nan,25.793719053268433,25.793719053268433,0.00834798812866211,-0.95658326,0.84007245,0.0,-3.0,0.7289792685045835,-0.0964668421709784,-0.034763316689909604,-0.04489528067100434,nan,nan,nan,nan
35.906291246414185,-0.9583247,0.77503055,-3.0393388,0.015653280805711024,nan,nan,nan,nan,nan,nan,25.90174889564514,25.90174889564514,0.008252859115600586,-1.0735085,0.9057606,0.0,-3.0,0.7299223909024819,-0.0656459973865029,-0.052077804719974835,-0.04064548477687784,nan,nan,nan,nan
36.0073459148407,-1.0398897,0.79393935,-3.0388508,0.012674509204096747,nan,nan,nan,nan,nan,nan,26.002684593200684,26.002684593200684,0.010969877243041992,-1.1782981,0.9520936,0.0,-3.0,0.7304402109122461,-0.052175711989332435,-0.051243720599986595,-0.041859449090101516,nan,nan,nan,nan
36.09710764884949,-1.1189622,0.80459327,-3.038609,0.0095635005559402,nan,nan,nan,nan,nan,nan,26.09251856803894,26.09251856803894,0.008519649505615234,-1.2675899,0.9804822,0.0,-3.0,0.730847763147928,-0.07149017566865655,-0.037707232883189536,-0.049072738241152304,nan,nan,nan,nan
36.18471002578735,-1.2032927,0.80673033,-3.0379624,0.005998939334069399,nan,nan,nan,nan,nan,nan,26.180264472961426,26.180264472961426,0.010087728500366211,-1.3509107,0.9961628,0.0,-3.0,0.7310474175912407,-0.028839027358868834,-0.050651297373293616,-0.04238273173122495,nan,nan,nan,nan
36.291053771972656,-1.2986628,0.79628646,-3.0358753,0.0016291510483292249,nan,nan,nan,nan,nan,nan,26.28647208213806,26.28647208213806,0.009914398193359375,-1.4462477,0.9989499,0.0,-3.0,0.7320722655836457,-0.043477490156403426,-0.04553184336619404,-0.045854415177281456,nan,nan,nan,nan
36.39784836769104,-1.3887275,0.7716172,-3.0329092,-0.0027951589376679284,nan,nan,nan,nan,nan,nan,26.39341139793396,26.39341139793396,0.010474443435668945,-1.5357357,0.983805,0.0,-3.0,0.7333680554784162,-0.04031624504422269,-0.04761542501265556,-0.04428554273752867,nan,nan,nan,nan
36.50003266334534,-1.4729748,0.7327237,-3.0290782,-0.0072763068746037815,nan,nan,nan,nan,nan,nan,26.49555277824402,26.49555277824402,0.009804248809814453,-1.6147428,0.9527686,0.0,-3.0,0.734030638534657,0.010586468365404233,-0.05531003521081423,-0.03567157123427954,nan,nan,nan,nan
36.595123291015625,-1.5396779,0.68928736,-3.0258794,-0.010962990105356792,nan,nan,nan,nan,nan,nan,26.59070611000061,26.59070611000061,0.009503841400146484,-1.6823691,0.90973794,0.0,-3.0,0.7349198865108085,0.023707897541607095,-0.05591543955256032,-0.03134897650547363,nan,nan,nan,nan
36.69979381561279,-1.6227487,0.6162433,-3.0222647,-0.01568528754027055,nan,nan,nan,nan,nan,nan,26.69499683380127,26.69499683380127,0.006921529769897461,-1.7495759,0.84768003,0.0,-3.0,0.7342460467314593,0.09092109158053212,-0.05200608191098999,-0.01595699329523127,nan,nan,nan,nan
36.80387830734253,-1.6909035,0.5354528,-3.0199392,-0.019624819316173374,nan,nan,nan,nan,nan,nan,26.799065351486206,26.799065351486206,0.006706953048706055,-1.8091537,0.7712614,0.0,-3.0,0.7344182458252776,0.09106553345155567,-0.0468423637398287,-0.01056553465767925,nan,nan,nan,nan
36.89294195175171,-1.7294225,0.47804943,-3.0193899,-0.021831075839247788,nan,nan,nan,nan,nan,nan,26.88804030418396,26.88804030418396,0.0061609745025634766,-1.853968,0.69542503,0.0,-3.0,0.7343809057603259,0.08734458422348071,-0.042654931186050835,-0.005156127743714516,nan,nan,nan,nan
36.9920814037323,-1.7779119,0.3888224,-3.020528,-0.0244261278606709,nan,nan,nan,nan,nan,nan,26.987808227539062,26.987808227539062,0.006577253341674805,-1.8973229,0.6001104,0.0,-3.0,0.7329160298577084,0.1086614399652033,-0.02914590863909245,0.003779600220446917,nan,nan,nan,nan
37.09643530845642,-1.8181373,0.29370037,-3.0230172,-0.02624701397677111,nan,nan,nan,nan,nan,nan,27.091578722000122,27.091578722000122,0.007712602615356445,-1.9345075,0.49100003,0.0,-3.0,0.73203367375011,0.09026241111316895,-0.02737934969674888,0.00855208183092134,nan,nan,nan,nan
37.19859480857849,-1.8450845,0.20976958,-3.0255892,-0.02714952234733328,nan,nan,nan,nan,nan,nan,27.19383406639099,27.19383406639099,0.0064961910247802734,-1.9631078,0.37531766,0.0,-3.0,0.7306900843535034,0.09350595833663536,-0.021652315799437976,0.014873051261227337,nan,nan,nan,nan
37.292396545410156,-1.8700885,0.0996792,-3.0291646,-0.02754108092368339,nan,nan,nan,nan,nan,nan,27.28779363632202,27.28779363632202,0.009388208389282227,-1.9822485,0.2635171,0.0,-3.0,0.7289512301544856,0.11833087544728012,-0.006267556746517295,0.01798765804670428,nan,nan,nan,nan
37.40283179283142,-1.8827273,0.011701501,-3.031851,-0.02724105653294114,nan,nan,nan,nan,nan,nan,27.39828610420227,27.39828610420227,0.008976221084594727,-1.9959171,0.1274697,0.0,-3.0,0.7286052627082312,0.10892278013584519,-0.017071970106857008,0.019174679169658457,nan,nan,nan,nan
37.49804210662842,-1.888985,-0.076653995,-3.0342326,-0.02648296135854762,nan,nan,nan,nan,nan,nan,27.493485689163208,27.493485689163208,0.008463382720947266,-1.9999832,0.008186033,0.0,-3.0,0.7279858874712567,0.11735399434573773,-0.017939941851645498,0.0186350427462173,nan,nan,nan,nan
37.58447027206421,-1.8874538,-0.19571908,-3.0367877,-0.024829109026752186,nan,nan,nan,nan,nan,nan,27.580567359924316,27.580567359924316,0.012998342514038086,-1.997438,-0.10107105,0.0,-3.0,0.7274800890998844,0.13207215389719246,-0.0079012299170321,0.017034201471682192,nan,nan,nan,nan
37.69441366195679,-1.8760439,-0.303487,-3.0385203,-0.022803438860523217,nan,nan,nan,nan,nan,nan,27.690731525421143,27.690731525421143,0.012416362762451172,-1.9856555,-0.23739208,0.0,-3.0,0.7277009748186294,0.12692775180743493,-0.03283077574385406,0.012241047542053449,nan,nan,nan,nan
37.79923367500305,-1.8653764,-0.36329496,-3.0395117,-0.021543170199682955,nan,nan,nan,nan,nan,nan,27.795791387557983,27.795791387557983,0.015490055084228516,-1.9655586,-0.36320212,0.0,-3.0,0.7277157882220556,0.13968908991844242,-0.03175077945747438,0.00909862356137995,nan,nan,nan,nan
37.90572261810303,-1.8373675,-0.4706487,-3.0409298,-0.019118960861152175,nan,nan,nan,nan,nan,nan,27.90095829963684,27.90095829963684,0.009458065032958984,-1.9368665,-0.4828086,0.0,-3.0,0.7277505334985384,0.15048991596067954,-0.0010643337402839483,0.010035565464006491,nan,nan,nan,nan
38.004257917404175,-1.8108034,-0.5437139,-3.0414114,-0.017355328482701514,nan,nan,nan,nan,nan,nan,27.999638557434082,27.999638557434082,0.007464170455932617,-1.9022534,-0.5874177,0.0,-3.0,0.7279935918423771,0.15326206427335523,-0.0037412864988213383,0.007452446261179131,nan,nan,nan,nan
38.1032977104187,-1.7755905,-0.61611104,-3.0417936,-0.01536216650482648,nan,nan,nan,nan,nan,nan,28.098406314849854,28.098406314849854,0.006645679473876953,-1.8602893,-0.68308586,0.0,-3.0,0.728744501151071,0.15037430599479798,-0.008769303657118187,0.002235814663452412,nan,nan,nan,nan
38.19928812980652,-1.7374961,-0.6744822,-3.0419605,-0.013487719089477844,nan,nan,nan,nan,nan,nan,28.19445514678955,28.19445514678955,0.0066509246826171875,-1.8126099,-0.7660531,0.0,-3.0,0.7293976384687939,0.13143346501958875,-0.0006057786876426953,0.00024023449244843072,nan,nan,nan,nan
38.301472187042236,-1.6860597,-0.73196214,-3.0415165,-0.011238258745396211,nan,nan,nan,nan,nan,nan,28.296699047088623,28.296699047088623,0.007657289505004883,-1.7546079,-0.842098,0.0,-3.0,0.7302338312711699,0.11365109479484854,-0.006206672938901576,-0.0045319420254666875,nan,nan,nan,nan
38.40540099143982,-1.6146561,-0.7842974,-3.0399375,-0.008822458287782366,nan,nan,nan,nan,nan,nan,28.401391983032227,28.401391983032227,0.012461423873901367,-1.6877179,-0.90557045,0.0,-3.0,0.7310961243482398,0.0776858395810254,0.0038368069284560108,-0.00834692682435498,nan,nan,nan,nan
38.49788427352905,-1.565485,-0.8061359,-3.0386035,-0.00761057360231765,nan,nan,nan,nan,nan,nan,28.49321174621582,28.49321174621582,0.008352279663085938,-1.6230333,-0.9483859,0.0,-3.0,0.7320334665482264,0.06188511745977802,-0.004666193743524379,-0.013372557372885096,nan,nan,nan,nan
38.594457387924194,-1.5016077,-0.82033896,-3.0372548,-0.006565637474417588,nan,nan,nan,nan,nan,nan,28.590002298355103,28.590002298355103,0.010797262191772461,-1.5490043,-0.97985566,0.0,-3.0,0.7324907637996528,0.03034162512914639,0.006593126623897822,-0.016139877588233077,nan,nan,nan,nan
38.70547366142273,-1.4195422,-0.82014567,-3.036047,-0.005752647030609598,nan,nan,nan,nan,nan,nan,28.70118808746338,28.70118808746338,0.010873079299926758,-1.4569148,-0.99811935,0.0,-3.0,0.7329398043651904,0.007675115205615019,0.009088341740120607,-0.02171009512461415,nan,nan,nan,nan
38.78616952896118,-1.3755844,-0.8132351,-3.0357351,-0.005540171568809621,nan,nan,nan,nan,nan,nan,28.78246283531189,28.78246283531189,0.01767730712890625,-1.3850757,-0.99916804,0.0,-3.0,0.7344593784646306,0.0390490866052587,-0.03206358560681662,-0.028086664902769596,nan,nan,nan,nan
38.880208015441895,-1.2678652,-0.7806122,-3.0358248,-0.005300149638965614,nan,nan,nan,nan,nan,nan,28.876988887786865,28.876988887786865,0.01826930046081543,-1.2969946,-0.98729426,0.0,-3.0,0.7354498226291473,0.0499226403008964,-0.050156798390640044,-0.03294288348157566,nan,nan,nan,nan
38.97356128692627,-1.2247599,-0.7626437,-3.0361948,-0.005481404535571319,nan,nan,nan,nan,nan,nan,28.97215509414673,28.97215509414673,0.018848419189453125,-1.2036974,-0.96128494,0.0,-3.0,0.7326245573458549,-0.03931644569304885,0.027496477918988748,-0.03363240116101261,nan,nan,nan,nan
39.075852155685425,-1.1262431,-0.71356124,-3.0372722,-0.005890907143592049,nan,nan,nan,nan,nan,nan,29.072198390960693,29.072198390960693,0.0179598331451416,-1.1009865,-0.91914713,0.0,-3.0,0.7356128934577724,0.028551249673196118,-0.04295988203241097,-0.04456327953077218,nan,nan,nan,nan
39.168229818344116,-0.9958749,-0.6346511,-3.0390153,-0.007134574575228918,nan,nan,nan,nan,nan,nan,29.164655208587646,29.164655208587646,0.018921852111816406,-1.0021882,-0.86728644,0.0,-3.0,0.7339965895524199,-0.019508264955435506,-0.005516725396647537,-0.04724792967762624,nan,nan,nan,nan
39.280035972595215,-0.8650861,-0.5443776,-3.0413144,-0.008802102426559023,nan,nan,nan,nan,nan,nan,29.277645349502563,29.277645349502563,0.02425527572631836,-0.87689185,-0.7881132,0.0,-3.0,0.7293640875433406,-0.11517789638800938,0.08042228380969244,-0.04658348253928941,nan,nan,nan,nan
39.415526390075684,-0.79251444,-0.49066466,-3.0424619,-0.009812887282014529,nan,nan,nan,nan,nan,nan,29.413045644760132,29.413045644760132,0.02446746826171875,-0.72098213,-0.6725052,0.0,-3.0,0.7284643600398332,-0.12448073072981747,0.07868252687207372,-0.043276863431453275,nan,nan,nan,nan
39.47715926170349,-0.6656368,-0.3927992,-3.0448291,-0.012664467640471737,nan,nan,nan,nan,nan,nan,29.473851442337036,29.473851442337036,0.016922712326049805,-0.6492002,-0.6140469,0.0,-3.0,0.7281941858010658,-0.13017197867322303,0.07785104877588561,-0.04689218364831572,nan,nan,nan,nan
39.57338309288025,-0.5387102,-0.2907016,-3.047397,-0.015721923234156467,nan,nan,nan,nan,nan,nan,29.56985855102539,29.56985855102539,0.018320083618164062,-0.5339753,-0.51459193,0.0,-3.0,0.7263915501942441,-0.1534920879381085,0.09465101660638635,-0.038381383866333815,nan,nan,nan,nan
39.66927409172058,-0.41827416,-0.19108863,-3.050122,-0.01882669329889325,nan,nan,nan,nan,nan,nan,29.665816068649292,29.665816068649292,0.020110368728637695,-0.41686887,-0.4077129,0.0,-3.0,0.7240756100069203,-0.1922849382856903,0.1326126421120711,-0.037687301786353655,nan,nan,nan,nan
39.810542821884155,-0.3160843,-0.106051356,-3.0521264,-0.02138269655169303,nan,nan,nan,nan,nan,nan,29.808320999145508,29.808320999145508,0.020109176635742188,-0.24028906,-0.2385485,0.0,-3.0,0.7252766087181748,-0.16096636554993032,0.08077521047382945,-0.03283048278392477,nan,nan,nan,nan
39.87332034111023,-0.17144114,0.014249819,-3.0534272,-0.025098690335264788,nan,nan,nan,nan,nan,nan,29.871392726898193,29.871392726898193,0.018077373504638672,-0.16143684,-0.16091007,0.0,-3.0,0.7232477344736872,-0.19726452264639716,0.12195325554424845,-0.02443413619710757,nan,nan,nan,nan
39.97002959251404,-0.057522148,0.1079299,-3.0533736,-0.028054791754141155,nan,nan,nan,nan,nan,nan,29.966436862945557,29.966436862945557,0.01808905601501465,-0.042173557,-0.042164177,0.0,-3.0,0.7239544340022817,-0.18017552207112822,0.10002786211162251,-0.006180072381205046,nan,nan,nan,nan
