platform,controller,trajectory,traj_double,traj_short,traj_spin,lookahead_time,time,traj_time,ref_time,comp_time,x,y,z,yaw,vx,vy,vz,x_ref,y_ref,z_ref,yaw_ref,vx_ref,vy_ref,vz_ref,p,q,r,throttle_input,p_input,q_input,r_input,cbf_v_throttle,cbf_v_p,cbf_v_q,cbf_v_r
SIM,nr,F8_CONTRACTION,NormSpd,Not Short,NoSpin,1.2,10.0893,0.0800007,1.28,6.4579e-05,0.0262829,-0.00940019,-2.8743,0.00107246,-0.00377932,-0.00651881,-0.0785994,1.44062,0.999289,-3,0,0.87167,-0.047364,0,0.0897537,-0.193897,0.00220055,0.759447,0.365219,-0.551036,0.118541,0,0,0,0
SIM,nr,F8_CONTRACTION,NormSpd,Not Short,NoSpin,1.2,10.1893,0.179999,1.38,6.3151e-05,0.0275386,-0.00860445,-2.88603,0.00161538,0.0120906,0.00465155,-0.116534,1.52488,0.986686,-3,0,0.813115,-0.204374,0,0.122598,-0.237614,0.0153967,0.761414,0.348491,-0.552806,0.1198,0,0,0,0
SIM,nr,F8_CONTRACTION,NormSpd,Not Short,NoSpin,1.2,10.2893,0.28,1.48,7.1038e-05,0.0319939,-0.00546379,-2.90292,0.00237398,0.0576526,0.0322714,-0.187193,1.60313,0.958522,-3,0,0.751349,-0.358166,0,0.330312,-0.526099,0.0361902,0.756019,0.284365,-0.471475,0.0910448,0,0,0,0
SIM,nr,F8_CONTRACTION,NormSpd,Not Short,NoSpin,1.2,10.3894,0.380025,1.58002,8.401e-05,0.046397,0.00340381,-2.92853,0.00320433,0.16218,0.0959957,-0.243423,1.67507,0.915229,-3,0,0.686603,-0.506343,0,0.272646,-0.418618,0.0568636,0.747909,0.175088,-0.337912,0.051339,0,0,0,0
SIM,nr,F8_CONTRACTION,NormSpd,Not Short,NoSpin,1.2,10.4893,0.480002,1.68,5.0949e-05,0.0736073,0.0194398,-2.95632,0.00416059,0.298771,0.180335,-0.271761,1.74037,0.857526,-3,0,0.619178,-0.646466,0,0.149247,-0.277885,0.0620828,0.740168,0.0536393,-0.199823,0.0189032,0,0,0,0
SIM,nr,F8_CONTRACTION,NormSpd,Not Short,NoSpin,1.2,10.5894,0.580025,1.78002,0.000103094,0.123072,0.0469428,-2.98787,0.00439926,0.474474,0.283789,-0.279649,1.79882,0.786269,-3,0,0.549278,-0.776456,0,0.00521337,-0.127793,0.0565661,0.733909,-0.0563089,-0.0708427,0.000173186,0,0,0,0
SIM,nr,F8_CONTRACTION,NormSpd,Not Short,NoSpin,1.2,10.6894,0.680031,1.88003,0.000107028,0.188769,0.0816297,-3.01633,0.00219407,0.649015,0.376199,-0.272136,1.85017,0.702623,-3,0,0.477222,-0.894176,0,-0.108594,-0.000256456,0.0434947,0.72951,-0.143184,0.0439227,-0.00335097,0,0,0,0
SIM,nr,F8_CONTRACTION,NormSpd,Not Short,NoSpin,1.2,10.7894,0.780015,1.98002,0.000101046,0.282264,0.127662,-3.04503,-0.00444258,0.840042,0.458363,-0.255528,1.8942,0.607915,-3,0,0.403298,-0.997772,0,-0.19812,0.120736,0.0292689,0.726889,-0.203337,0.143105,0.00691792,0,0,0,0
SIM,nr,F8_CONTRACTION,NormSpd,Not Short,NoSpin,1.2,10.8895,0.880057,2.08006,0.000154882,0.387998,0.174942,-3.06936,-0.017246,1.00846,0.507122,-0.238482,1.93078,0.503562,-3,0,0.32774,-1.08568,0,-0.251719,0.212608,0.0188983,0.725714,-0.236868,0.224037,0.0288725,0,0,0,0
SIM,nr,F8_CONTRACTION,NormSpd,Not Short,NoSpin,1.2,10.9895,0.980033,2.18003,0.00014474,0.520942,0.227202,-3.09369,-0.0355971,1.17125,0.52423,-0.221888,1.95972,0.391335,-3,0,0.250937,-1.15642,0,-0.276538,0.292766,0.016851,0.725617,-0.247403,0.283775,0.0574647,0,0,0,0
SIM,nr,F8_CONTRACTION,NormSpd,Not Short,NoSpin,1.2,11.0895,1.08004,2.28004,0.000146545,0.657447,0.272576,-3.11479,-0.0549858,1.29425,0.507232,-0.210713,1.98093,0.272901,-3,0,0.17312,-1.20894,0,-0.27539,0.338921,0.0254226,0.726134,-0.241493,0.319374,0.0864245,0,0,0,0
SIM,nr,F8_CONTRACTION,NormSpd,Not Short,NoSpin,1.2,11.1894,1.18005,2.38005,9.8262e-05,0.815312,0.315089,-3.13709,-0.0744366,1.38855,0.457197,-0.203328,1.99432,0.150168,-3,0,0.0946221,-1.24239,0,-0.260695,0.36223,0.0401967,0.726879,-0.23016,0.330845,0.109629,0,0,0,0
SIM,nr,F8_CONTRACTION,NormSpd,Not Short,NoSpin,1.2,11.2896,1.28008,2.48008,0.000238696,0.96546,0.345509,-3.1575,-0.090099,1.43564,0.386007,-0.199301,1.99984,0.0250281,-3,0,0.0157268,-1.25624,0,-0.236275,0.361275,0.059214,0.727515,-0.205815,0.323428,0.126704,0,0,0,0
SIM,nr,F8_CONTRACTION,NormSpd,Not Short,NoSpin,1.2,11.3896,1.38008,2.58008,0.000244792,1.10241,0.365083,-3.17573,-0.101116,1.44315,0.306058,-0.196155,1.99747,-0.100465,-3,0,-0.0632041,-1.25028,0,-0.212322,0.343418,0.0777494,0.728011,-0.182534,0.300867,0.135978,0,0,0,0
SIM,nr,F8_CONTRACTION,NormSpd,Not Short,NoSpin,1.2,11.4896,1.48011,2.68011,0.000246661,1.25874,0.37776,-3.19668,-0.108593,1.40995,0.199199,-0.191465,1.98721,-0.224402,-3,0,-0.141904,-1.22459,0,-0.178326,0.307964,0.0977417,0.72815,-0.147931,0.262799,0.136782,0,0,0,0
SIM,nr,F8_CONTRACTION,NormSpd,Not Short,NoSpin,1.2,11.5896,1.58008,2.78008,0.00024487,1.39319,0.379306,-3.21572,-0.110073,1.34241,0.0929725,-0.184999,1.96911,-0.344738,-3,0,-0.220003,-1.1796,0,-0.141386,0.260786,0.112102,0.728092,-0.116407,0.219225,0.131127,0,0,0,0
SIM,nr,F8_CONTRACTION,NormSpd,Not Short,NoSpin,1.2,11.6894,1.68004,2.88004,0.000119514,1.52415,0.369169,-3.236,-0.107376,1.236,-0.0281612,-0.174959,1.94325,-0.459623,-3,0,-0.297223,-1.11604,0,-0.10186,0.208142,0.12188,0.727652,-0.0775949,0.168272,0.119462,0,0,0,0
SIM,nr,F8_CONTRACTION,NormSpd,Not Short,NoSpin,1.2,11.7896,1.78007,2.98007,0.000256844,1.6373,0.346583,-3.2552,-0.102632,1.10222,-0.152748,-0.160414,1.9097,-0.567338,-3,0,-0.373324,-1.03482,0,-0.055413,0.149618,0.125726,0.727099,-0.0409063,0.118712,0.106709,0,0,0,0
SIM,nr,F8_CONTRACTION,NormSpd,Not Short,NoSpin,1.2,11.8896,1.88007,3.08007,0.00022643,1.72465,0.313875,-3.27107,-0.0988449,0.961827,-0.268573,-0.143555,1.86863,-0.66608,-3,0,-0.447934,-0.937301,0,-0.0147352,0.0933945,0.122917,0.726478,-0.00223283,0.0689518,0.0946354,0,0,0,0
SIM,nr,F8_CONTRACTION,NormSpd,Not Short,NoSpin,1.2,11.9895,1.98004,3.18004,0.000210914,1.79023,0.273979,-3.28348,-0.0972668,0.823624,-0.372392,-0.126211,1.82019,-0.754284,-3,0,-0.520748,-0.825042,0,0.0211263,0.04758,0.117983,0.726046,0.0300538,0.0267717,0.0869756,0,0,0,0
SIM,nr,F8_CONTRACTION,NormSpd,Not Short,NoSpin,1.2,12.0895,2.08004,3.28004,0.000199461,1.85007,0.215697,-3.29548,-0.0979874,0.654305,-0.487002,-0.103709,1.76456,-0.830624,-3,0,-0.591532,-0.699738,0,0.060603,0.00110463,0.108915,0.725761,0.0615822,-0.0126297,0.0833431,0,0,0,0
SIM,nr,F8_CONTRACTION,NormSpd,Not Short,NoSpin,1.2,12.1896,2.18009,3.38009,0.000245929,1.88779,0.152063,-3.30406,-0.102133,0.495328,-0.58179,-0.0835116,1.70193,-0.893891,-3,0,-0.660013,-0.56333,0,0.0901084,-0.0392325,0.10311,0.72568,0.0868985,-0.0450715,0.0843907,0,0,0,0
SIM,nr,F8_CONTRACTION,NormSpd,Not Short,NoSpin,1.2,12.2894,2.28005,3.48005,0.000118813,1.91058,0.0749774,-3.31121,-0.109272,0.325603,-0.667687,-0.063213,1.63264,-0.943011,-3,0,-0.72583,-0.418161,0,0.123764,-0.0747632,0.0969197,0.725717,0.109867,-0.0757139,0.0901169,0,0,0,0
SIM,nr,F8_CONTRACTION,NormSpd,Not Short,NoSpin,1.2,12.3894,2.38004,3.58004,7.2674e-05,1.91679,-0.001954,-3.31637,-0.116808,0.176018,-0.729234,-0.0467969,1.5569,-0.977278,-3,0,-0.788803,-0.26636,0,0.145103,-0.0987659,0.0931699,0.725902,0.124532,-0.0959172,0.098277,0,0,0,0
SIM,nr,F8_CONTRACTION,NormSpd,Not Short,NoSpin,1.2,12.4893,2.48002,3.68002,5.3631e-05,1.90846,-0.0896998,-3.31996,-0.124886,0.026159,-0.776131,-0.0319472,1.47501,-0.996135,-3,0,-0.848658,-0.110371,0,0.161314,-0.120429,0.0935491,0.726223,0.134281,-0.107873,0.107614,0,0,0,0
SIM,nr,F8_CONTRACTION,NormSpd,Not Short,NoSpin,1.2,12.5893,2.58,3.78,3.5364e-05,1.88896,-0.172332,-3.32147,-0.130039,-0.0970532,-0.801874,-0.0209477,1.3873,-0.999289,-3,0,-0.905168,0.0473668,0,0.170669,-0.125567,0.0957593,0.726675,0.139756,-0.109247,0.115508,0,0,0,0
SIM,nr,F8_CONTRACTION,NormSpd,Not Short,NoSpin,1.2,12.6893,2.68001,3.88001,5.2518e-05,1.8573,-0.262355,-3.32164,-0.132402,-0.211655,-0.812349,-0.0119095,1.29411,-0.986684,-3,0,-0.958117,0.204387,0,0.172303,-0.122735,0.102186,0.727246,0.142895,-0.100834,0.120143,0,0,0,0
SIM,nr,F8_CONTRACTION,NormSpd,Not Short,NoSpin,1.2,12.7893,2.78,3.98,5.4949e-05,1.82078,-0.345081,-3.32091,-0.130122,-0.29906,-0.808763,-0.00614763,1.19581,-0.958521,-3,0,-1.00728,0.35817,0,0.173637,-0.112378,0.10775,0.727904,0.145654,-0.0858145,0.120579,0,0,0,0
SIM,nr,F8_CONTRACTION,NormSpd,Not Short,NoSpin,1.2,12.8893,2.88001,4.08001,5.6101e-05,1.7765,-0.433494,-3.31944,-0.122981,-0.374635,-0.792276,-0.00241892,1.09278,-0.915235,-3,0,-1.05247,0.506324,0,0.174061,-0.0904233,0.112567,0.728631,0.148528,-0.0649016,0.115779,0,0,0,0
SIM,nr,F8_CONTRACTION,NormSpd,Not Short,NoSpin,1.2,12.9893,2.98,4.18,5.6631e-05,1.73318,-0.513236,-3.31795,-0.112415,-0.428761,-0.765729,-0.000612781,0.98545,-0.857524,-3,0,-1.09351,0.646469,0,0.173366,-0.0674633,0.11515,0.72945,0.151304,-0.0407281,0.106054,0,0,0,0
SIM,nr,F8_CONTRACTION,NormSpd,Not Short,NoSpin,1.2,13.0893,3.08001,4.28001,5.8778e-05,1.68478,-0.595743,-3.31645,-0.0986427,-0.474433,-0.722521,-0.000883566,0.874215,-0.786277,-3,0,-1.13023,0.776443,0,0.169754,-0.0380171,0.114772,0.730291,0.152315,-0.0163916,0.0928004,0,0,0,0
SIM,nr,F8_CONTRACTION,NormSpd,Not Short,NoSpin,1.2,13.1893,3.18001,4.38001,5.8451e-05,1.6392,-0.666731,-3.31534,-0.0852212,-0.508626,-0.668683,-0.00261957,0.759545,-0.70264,-3,0,-1.16249,0.894155,0,0.165387,-0.0143692,0.110686,0.731112,0.150327,0.00538328,0.0779832,0,0,0,0
SIM,nr,F8_CONTRACTION,NormSpd,Not Short,NoSpin,1.2,13.2893,3.28,4.48,3.8935e-05,1.5887,-0.736469,-3.31474,-0.0710684,-0.540615,-0.594754,-0.00539526,0.641889,-0.607932,-3,0,-1.19016,0.997756,0,0.154652,0.00707823,0.101915,0.731883,0.145192,0.0241235,0.0631525,0,0,0,0
SIM,nr,F8_CONTRACTION,NormSpd,Not Short,NoSpin,1.2,13.3893,3.38002,4.58002,4.9858e-05,1.53976,-0.792787,-3.31492,-0.0590786,-0.569924,-0.512592,-0.00863252,0.521661,-0.503604,-3,0,-1.21314,1.08565,0,0.142774,0.024114,0.0917115,0.732524,0.13436,0.0360973,0.0494172,0,0,0,0
SIM,nr,F8_CONTRACTION,NormSpd,Not Short,NoSpin,1.2,13.4894,3.48001,4.68001,7.8339e-05,1.48355,-0.843005,-3.31581,-0.0477929,-0.603374,-0.408715,-0.0122215,0.399413,-0.391367,-3,0,-1.23132,1.1564,0,0.129313,0.0356526,0.0780531,0.733021,0.120822,0.0434412,0.0379693,0,0,0,0
SIM,nr,F8_CONTRACTION,NormSpd,Not Short,NoSpin,1.2,13.5894,3.58002,4.78002,0.000106883,1.42852,-0.877767,-3.31724,-0.0390896,-0.637357,-0.300256,-0.0151906,0.275556,-0.272928,-3,0,-1.24465,1.20893,0,0.110343,0.0386645,0.0663924,0.7333,0.101831,0.045319,0.028999,0,0,0,0
SIM,nr,F8_CONTRACTION,NormSpd,Not Short,NoSpin,1.2,13.6894,3.68002,4.88002,0.000106233,1.3652,-0.901695,-3.31947,-0.0315611,-0.677302,-0.171266,-0.0174105,0.150627,-0.150199,-3,0,-1.25307,1.24238,0,0.0847515,0.0389145,0.0545869,0.73339,0.0796258,0.0441984,0.0224008,0,0,0,0
SIM,nr,F8_CONTRACTION,NormSpd,Not Short,NoSpin,1.2,13.7894,3.78004,4.98004,8.8835e-05,1.30247,-0.910631,-3.32178,-0.0258796,-0.717712,-0.0447359,-0.0187461,0.0250879,-0.0250859,-3,0,-1.25654,1.25624,0,0.0581662,0.0372242,0.0439863,0.733326,0.0558409,0.0401525,0.017726,0,0,0,0
SIM,nr,F8_CONTRACTION,NormSpd,Not Short,NoSpin,1.2,13.8894,3.88003,5.08003,0.000141429,1.22885,-0.905554,-3.32477,-0.0207388,-0.765702,0.0969644,-0.0192576,-0.100529,0.100401,-3,0,-1.25505,1.25029,0,0.0292268,0.0285718,0.0328272,0.733074,0.0305311,0.0323519,0.0146569,0,0,0,0
SIM,nr,F8_CONTRACTION,NormSpd,Not Short,NoSpin,1.2,13.9894,3.98003,5.18003,0.000140055,1.15458,-0.887165,-3.32788,-0.0166858,-0.813729,0.2294,-0.0188412,-0.225744,0.224302,-3,0,-1.24861,1.22462,0,0.00123799,0.0178762,0.026002,0.73269,0.00523514,0.0222019,0.0125581,0,0,0,0
SIM,nr,F8_CONTRACTION,NormSpd,Not Short,NoSpin,1.2,14.0894,4.08004,5.28004,0.000110172,1.06677,-0.852933,-3.33129,-0.0126585,-0.86946,0.370698,-0.0178183,-0.350096,0.344691,-3,0,-1.23723,1.17963,0,-0.025718,0.00925799,0.0196573,0.732335,-0.0140396,0.0142822,0.0105852,0,0,0,0
SIM,nr,F8_CONTRACTION,NormSpd,Not Short,NoSpin,1.2,14.1894,4.18005,5.38005,8.6517e-05,0.979097,-0.808923,-3.33442,-0.00933818,-0.922546,0.497067,-0.0163688,-0.473057,0.459633,-3,0,-1.22098,1.11603,0,-0.0484502,-0.00369456,0.0155473,0.73177,-0.0387217,-0.00106372,0.00932003,0,0,0,0
SIM,nr,F8_CONTRACTION,NormSpd,Not Short,NoSpin,1.2,14.2896,4.28008,5.48008,0.000229766,0.893049,-0.758798,-3.33735,-0.00671946,-0.971715,0.607287,-0.0153459,-0.594176,0.567349,-3,0,-1.1999,1.03481,0,-0.0691554,-0.0158888,0.0129249,0.731232,-0.0587355,-0.0135882,0.00782058,0,0,0,0
SIM,nr,F8_CONTRACTION,NormSpd,Not Short,NoSpin,1.2,14.3896,4.38007,5.58007,0.000231712,0.784141,-0.688326,-3.34075,-0.00396095,-1.02909,0.72858,-0.0136547,-0.712909,0.66608,-3,0,-1.17409,0.937301,0,-0.091658,-0.0333017,0.0101399,0.73061,-0.0811916,-0.0299693,0.00631293,0,0,0,0
SIM,nr,F8_CONTRACTION,NormSpd,Not Short,NoSpin,1.2,14.4896,4.48008,5.68008,0.000240437,0.667028,-0.607051,-3.34403,-0.00110255,-1.08535,0.837041,-0.0121557,-0.828845,0.754319,-3,0,-1.14365,0.824993,0,-0.114962,-0.0488366,0.00658162,0.730068,-0.100282,-0.0441908,0.00415449,0,0,0,0
SIM,nr,F8_CONTRACTION,NormSpd,Not Short,NoSpin,1.2,14.5896,4.58008,5.78008,0.000276905,0.552302,-0.523901,-3.34713,0.00194185,-1.13442,0.92341,-0.0108455,-0.941499,0.830654,-3,0,-1.10869,0.699682,0,-0.134427,-0.0650303,0.00744481,0.729596,-0.116007,-0.0576162,0.00109228,0,0,0,0
SIM,nr,F8_CONTRACTION,NormSpd,Not Short,NoSpin,1.2,14.69,4.68049,5.88049,0.000204782,0.432492,-0.434907,-3.34983,0.00527314,-1.17856,0.99505,-0.00999837,-1.05087,0.894115,-3,0,-1.06919,0.562768,0,-0.149648,-0.0774688,0.00374383,0.72922,-0.129353,-0.0713055,-0.00308547,0,0,0,0
SIM,nr,F8_CONTRACTION,NormSpd,Not Short,NoSpin,1.2,14.7895,4.78005,5.98005,0.000189865,0.319251,-0.349647,-3.35215,0.00833359,-1.21296,1.04682,-0.010001,-1.1552,0.943011,-3,0,-1.02582,0.41816,0,-0.158376,-0.0857199,0.00310682,0.728986,-0.13677,-0.0779394,-0.00734559,0,0,0,0
SIM,nr,F8_CONTRACTION,NormSpd,Not Short,NoSpin,1.2,14.8895,4.88008,6.08008,0.000184108,0.182557,-0.245023,-3.35466,0.0114333,-1.24426,1.09084,-0.0100826,-1.25546,0.977288,-3,0,-0.978207,0.2663,0,-0.167966,-0.0924556,-0.00214176,0.728863,-0.143314,-0.0833601,-0.0117444,0,0,0,0
SIM,nr,F8_CONTRACTION,NormSpd,Not Short,NoSpin,1.2,14.9895,4.98006,6.18006,0.00019426,0.044041,-0.137697,-3.35675,0.0137495,-1.2646,1.11638,-0.0109994,-1.35072,0.99614,-3,0,-0.926756,0.110309,0,-0.168058,-0.0947006,-0.00593445,0.728857,-0.148194,-0.0854731,-0.0156298,0,0,0,0
SIM,nr,F8_CONTRACTION,NormSpd,Not Short,NoSpin,1.2,15.0895,5.08005,6.28005,0.000196266,-0.0848634,-0.0382923,-3.35842,0.0154518,-1.27377,1.1228,-0.0122538,-1.44066,0.999287,-3,0,-0.871642,-0.0474429,0,-0.171335,-0.0948263,-0.00911827,0.728959,-0.151219,-0.0847242,-0.0188176,0,0,0,0
SIM,nr,F8_CONTRACTION,NormSpd,Not Short,NoSpin,1.2,15.1895,5.18004,6.38004,0.000191218,-0.224611,0.0680336,-3.36019,0.016941,-1.27344,1.1117,-0.01433,-1.52492,0.986677,-3,0,-0.813089,-0.204442,0,-0.170561,-0.0923343,-0.0130915,0.729177,-0.151666,-0.0820654,-0.0214661,0,0,0,0
SIM,nr,F8_CONTRACTION,NormSpd,Not Short,NoSpin,1.2,15.2895,5.28005,6.48005,0.000193209,-0.352255,0.163415,-3.36245,0.0178803,-1.26324,1.08489,-0.0165094,-1.60317,0.958506,-3,0,-0.751321,-0.358235,0,-0.168054,-0.0847101,-0.0158954,0.729416,-0.149621,-0.0769954,-0.0232488,0,0,0,0
SIM,nr,F8_CONTRACTION,NormSpd,Not Short,NoSpin,1.2,15.3896,5.38008,6.58008,0.000192228,-0.487371,0.261749,-3.36615,0.0182434,-1.24163,1.03843,-0.0188934,-1.67511,0.9152,-3,0,-0.686566,-0.506424,0,-0.161343,-0.0754142,-0.0198654,0.72964,-0.146395,-0.0687456,-0.0238548,0,0,0,0
SIM,nr,F8_CONTRACTION,NormSpd,Not Short,NoSpin,1.2,15.4897,5.48012,6.68012,0.000243731,-0.608311,0.34664,-3.37043,0.0179425,-1.2129,0.980277,-0.0210179,-1.74044,0.857446,-3,0,-0.619094,-0.646632,0,-0.151869,-0.0684181,-0.0215691,0.729851,-0.139289,-0.0611294,-0.0237143,0,0,0,0
SIM,nr,F8_CONTRACTION,NormSpd,Not Short,NoSpin,1.2,15.5894,5.58004,6.78004,0.000111446,-0.733421,0.430938,-3.37576,0.0167859,-1.17272,0.901866,-0.0227228,-1.79883,0.786257,-3,0,-0.549267,-0.776476,0,-0.143653,-0.0592212,-0.0239897,0.730027,-0.1316,-0.0519042,-0.0224196,0,0,0,0
SIM,nr,F8_CONTRACTION,NormSpd,Not Short,NoSpin,1.2,15.6894,5.68003,6.88003,6.9197e-05,-0.842743,0.500544,-3.38035,0.0150307,-1.12827,0.816577,-0.0233826,-1.85017,0.702627,-3,0,-0.477226,-0.89417,0,-0.131696,-0.0466548,-0.0246058,0.730199,-0.119218,-0.0426196,-0.020069,0,0,0,0
SIM,nr,F8_CONTRACTION,NormSpd,Not Short,NoSpin,1.2,15.7893,5.78,6.98,3.485e-05,-0.954227,0.566097,-3.38486,0.0126148,-1.07386,0.711758,-0.0231477,-1.8942,0.607927,-3,0,-0.403307,-0.997761,0,-0.113223,-0.0345562,-0.0235363,0.730417,-0.107159,-0.0328183,-0.0169848,0,0,0,0
SIM,nr,F8_CONTRACTION,NormSpd,Not Short,NoSpin,1.2,15.8893,5.88,7.08,3.3326e-05,-1.05014,0.616508,-3.38859,0.0100988,-1.01957,0.605415,-0.0217496,-1.93076,0.503625,-3,0,-0.327784,-1.08564,0,-0.0962607,-0.0253941,-0.0226557,0.730655,-0.0925656,-0.0241941,-0.0135131,0,0,0,0
SIM,nr,F8_CONTRACTION,NormSpd,Not Short,NoSpin,1.2,15.9893,5.98002,7.18002,3.3215e-05,-1.13896,0.656654,-3.39175,0.00747521,-0.962161,0.491027,-0.0200716,-1.95972,0.391347,-3,0,-0.250945,-1.15641,0,-0.0800866,-0.0150148,-0.0224516,0.730889,-0.077637,-0.016462,-0.00996683,0,0,0,0
SIM,nr,F8_CONTRACTION,NormSpd,Not Short,NoSpin,1.2,16.0893,6.08002,7.28002,5.3917e-05,-1.22668,0.687695,-3.39452,0.00474292,-0.897362,0.360169,-0.0174712,-1.98093,0.272925,-3,0,-0.173135,-1.20893,0,-0.0602016,-0.006967,-0.0176987,0.731103,-0.0606929,-0.00976373,-0.00651743,0,0,0,0
SIM,nr,F8_CONTRACTION,NormSpd,Not Short,NoSpin,1.2,16.1893,6.18002,7.38002,3.4106e-05,-1.30572,0.704936,-3.39703,0.00223739,-0.831153,0.224197,-0.0148804,-1.99432,0.150204,-3,0,-0.0946446,-1.24238,0,-0.0387706,0.00063002,-0.0154197,0.731282,-0.0444976,-0.00421356,-0.00348795,0,0,0,0
SIM,nr,F8_CONTRACTION,NormSpd,Not Short,NoSpin,1.2,16.2893,6.28002,7.48002,5.3091e-05,-1.3718,0.708832,-3.39871,0.000271276,-0.770304,0.0963643,-0.0121239,-1.99984,0.0250997,-3,0,-0.0157719,-1.25624,0,-0.0192876,0.00546863,-0.0123456,0.731365,-0.0254027,-0.000326705,-0.000925109,0,0,0,0
SIM,nr,F8_CONTRACTION,NormSpd,Not Short,NoSpin,1.2,16.3893,6.38002,7.58002,5.2463e-05,-1.43603,0.700364,-3.39976,-0.00130967,-0.705002,-0.0416484,-0.0096426,-1.99747,-0.100387,-3,0,0.0631549,-1.25029,0,0.00135439,0.00915173,-0.0103183,0.731429,-0.0091142,0.0015919,0.000833251,0,0,0,0
SIM,nr,F8_CONTRACTION,NormSpd,Not Short,NoSpin,1.2,16.4893,6.48002,7.68002,5.3868e-05,-1.4888,0.681494,-3.39985,-0.00230615,-0.645684,-0.166413,-0.00719936,-1.98722,-0.224289,-3,0,0.141831,-1.22462,0,0.019618,0.0110465,-0.00575648,0.731476,0.00740531,0.0021146,0.00197918,0,0,0,0
SIM,nr,F8_CONTRACTION,NormSpd,Not Short,NoSpin,1.2,16.5894,6.58004,7.78004,5.6935e-05,-1.53592,0.652136,-3.39957,-0.00282568,-0.587721,-0.287144,-0.00489388,-1.96912,-0.344687,-3,0,0.219969,-1.17963,0,0.0342425,0.0107184,-0.00396405,0.73154,0.0206389,0.000653393,0.00238276,0,0,0,0
SIM,nr,F8_CONTRACTION,NormSpd,Not Short,NoSpin,1.2,16.6894,6.68005,7.88005,7.5732e-05,-1.57742,0.612962,-3.39843,-0.00288986,-0.531091,-0.402333,-0.0025638,-1.94325,-0.459633,-3,0,0.29723,-1.11603,0,0.0490969,0.00872422,-0.0011472,0.731603,0.0348276,-0.00217134,0.00231877,0,0,0,0
SIM,nr,F8_CONTRACTION,NormSpd,Not Short,NoSpin,1.2,16.7894,6.78004,7.98004,7.59e-05,-1.61625,0.560426,-3.39631,-0.00247577,-0.470385,-0.519077,-0.00119921,-1.90971,-0.567313,-3,0,0.373305,-1.03484,0,0.0679942,0.00451757,-0.000516002,0.731614,0.0526571,-0.0045431,0.0019378,0,0,0,0
SIM,nr,F8_CONTRACTION,NormSpd,Not Short,NoSpin,1.2,16.8894,6.88002,8.08002,6.9065e-05,-1.6462,0.503388,-3.39395,-0.00169703,-0.414749,-0.617958,-0.000571397,-1.86865,-0.666032,-3,0,0.447896,-0.937355,0,0.0840046,0.00237203,0.000295137,0.731632,0.0668811,-0.00740922,0.00122905,0,0,0,0
SIM,nr,F8_CONTRACTION,NormSpd,Not Short,NoSpin,1.2,16.9894,6.98003,8.18003,9.52e-05,-1.67201,0.432854,-3.39141,-0.000541821,-0.354016,-0.714247,-0.00110288,-1.8202,-0.754276,-3,0,0.520741,-0.825055,0,0.0951629,0.00177242,0.00066621,0.731617,0.0797418,-0.00997302,0.000337808,0,0,0,0
SIM,nr,F8_CONTRACTION,NormSpd,Not Short,NoSpin,1.2,17.0894,7.08004,8.28004,9.6568e-05,-1.68965,0.360368,-3.38972,0.000771753,-0.297916,-0.79224,-0.00278827,-1.76456,-0.830624,-3,0,0.591532,-0.699738,0,0.110335,-0.00234699,0.00117718,0.731532,0.0938093,-0.0118926,-0.000694534,0,0,0,0
SIM,nr,F8_CONTRACTION,NormSpd,Not Short,NoSpin,1.2,17.1894,7.18004,8.38004,9.5035e-05,-1.70206,0.275084,-3.38904,0.0024852,-0.236405,-0.863718,-0.00590707,-1.70197,-0.893861,-3,0,0.659978,-0.563405,0,0.120853,-0.00509057,0.00137461,0.731367,0.10531,-0.0136727,-0.00185975,0,0,0,0
SIM,nr,F8_CONTRACTION,NormSpd,Not Short,NoSpin,1.2,17.2895,7.28003,8.48003,9.5728e-05,-1.70812,0.191529,-3.38963,0.00414589,-0.179276,-0.916445,-0.00896272,-1.63266,-0.943003,-3,0,0.725818,-0.41819,0,0.131585,-0.00633355,-0.00144855,0.731149,0.116229,-0.0146187,-0.00311138,0,0,0,0
SIM,nr,F8_CONTRACTION,NormSpd,Not Short,NoSpin,1.2,17.3894,7.38005,8.58005,8.75e-05,-1.70936,0.0973652,-3.39145,0.00587801,-0.117795,-0.958081,-0.0134624,-1.55688,-0.977282,-3,0,0.788812,-0.266337,0,0.140734,-0.00665632,-0.00015096,0.730889,0.125112,-0.0165616,-0.00424255,0,0,0,0
SIM,nr,F8_CONTRACTION,NormSpd,Not Short,NoSpin,1.2,17.4894,7.48005,8.68005,0.000127966,-1.70513,0.00898412,-3.39382,0.00757263,-0.060517,-0.981355,-0.0176642,-1.47499,-0.996139,-3,0,0.848676,-0.110322,0,0.147069,-0.0105046,-0.00295975,0.73063,0.131787,-0.01805,-0.00543045,0,0,0,0
SIM,nr,F8_CONTRACTION,NormSpd,Not Short,NoSpin,1.2,17.5896,7.58005,8.78005,0.000210097,-1.69707,-0.071838,-3.39649,0.0092492,-0.00784719,-0.988895,-0.021199,-1.38726,-0.999287,-3,0,0.905193,0.047437,0,0.150928,-0.0132733,-0.0028925,0.730473,0.135122,-0.0213591,-0.00651131,0,0,0,0
SIM,nr,F8_CONTRACTION,NormSpd,Not Short,NoSpin,1.2,17.6896,7.68008,8.88008,0.000233443,-1.68282,-0.165236,-3.39996,0.01128,0.0540062,-0.980861,-0.0249176,-1.29404,-0.98667,-3,0,0.958152,0.204494,0,0.153591,-0.0148621,-0.00413316,0.730402,0.136573,-0.0254316,-0.0074408,0,0,0,0
SIM,nr,F8_CONTRACTION,NormSpd,Not Short,NoSpin,1.2,17.7896,7.78007,8.98007,0.000238931,-1.66474,-0.247325,-3.40311,0.0132894,0.11174,-0.956568,-0.0281232,-1.19574,-0.958496,-3,0,1.00731,0.358275,0,0.150832,-0.0178231,-0.00578419,0.730374,0.133789,-0.0256622,-0.00890102,0,0,0,0
SIM,nr,F8_CONTRACTION,NormSpd,Not Short,NoSpin,1.2,17.8895,7.88006,9.08006,0.000179895,-1.63996,-0.329992,-3.40643,0.0155374,0.174746,-0.912297,-0.0313054,-1.09272,-0.915209,-3,0,1.0525,0.506399,0,0.143175,-0.0193231,-0.00755253,0.730396,0.127642,-0.0258161,-0.0104951,0,0,0,0
SIM,nr,F8_CONTRACTION,NormSpd,Not Short,NoSpin,1.2,17.9896,7.98007,9.18007,0.00023834,-1.6125,-0.399508,-3.40981,0.0175664,0.232523,-0.856264,-0.0336224,-0.985373,-0.857478,-3,0,1.09353,0.646565,0,0.132122,-0.0192718,-0.00862593,0.730468,0.118946,-0.0260944,-0.0120749,0,0,0,0
SIM,nr,F8_CONTRACTION,NormSpd,Not Short,NoSpin,1.2,18.0896,8.08006,9.28006,0.000241007,-1.57779,-0.467088,-3.41396,0.019506,0.295106,-0.781533,-0.0358605,-0.874162,-0.786241,-3,0,1.13025,0.776502,0,0.119178,-0.0191125,-0.0105824,0.730513,0.108667,-0.0257421,-0.0136484,0,0,0,0
SIM,nr,F8_CONTRACTION,NormSpd,Not Short,NoSpin,1.2,18.1896,8.18005,9.38005,0.000223178,-1.54079,-0.521517,-3.41839,0.0210848,0.352548,-0.701506,-0.0372998,-0.759499,-0.702604,-3,0,1.1625,0.894199,0,0.104383,-0.0201696,-0.0108644,0.730569,0.0984343,-0.0253541,-0.0150113,0,0,0,0
SIM,nr,F8_CONTRACTION,NormSpd,Not Short,NoSpin,1.2,18.2897,8.2801,9.4801,0.000283457,-1.49525,-0.570305,-3.42351,0.0225831,0.414779,-0.603959,-0.0386729,-0.641763,-0.607826,-3,0,1.19019,0.997858,0,0.0903914,-0.020169,-0.0118724,0.730665,0.0909048,-0.0273266,-0.0158584,0,0,0,0
SIM,nr,F8_CONTRACTION,NormSpd,Not Short,NoSpin,1.2,18.3894,8.38003,9.58003,0.000116761,-1.44856,-0.605079,-3.42837,0.023865,0.471987,-0.505089,-0.0390946,-0.521643,-0.503588,-3,0,1.21314,1.08566,0,0.0802683,-0.0186001,-0.0128191,0.73069,0.0787794,-0.0249026,-0.017307,0,0,0,0
SIM,nr,F8_CONTRACTION,NormSpd,Not Short,NoSpin,1.2,18.4896,8.48009,9.68009,0.000221253,-1.39771,-0.629514,-3.43298,0.0249903,0.528534,-0.399223,-0.038764,-0.399309,-0.39127,-3,0,1.23134,1.15645,0,0.0642116,-0.0187036,-0.0147911,0.730732,0.066845,-0.0239009,-0.0184567,0,0,0,0
SIM,nr,F8_CONTRACTION,NormSpd,Not Short,NoSpin,1.2,18.5896,8.58008,9.78008,0.000226147,-1.34267,-0.642509,-3.43705,0.0260375,0.584481,-0.287191,-0.0374436,-0.275477,-0.272851,-3,0,1.24466,1.20896,0,0.049462,-0.0154828,-0.0179629,0.730783,0.0524072,-0.0215811,-0.0197684,0,0,0,0
SIM,nr,F8_CONTRACTION,NormSpd,Not Short,NoSpin,1.2,18.6896,8.68004,9.88004,0.0002144,-1.27856,-0.64393,-3.44088,0.027187,0.64387,-0.161359,-0.0355293,-0.1506,-0.150173,-3,0,1.25307,1.24239,0,0.0324571,-0.0136322,-0.01751,0.730789,0.0349394,-0.0177957,-0.0212619,0,0,0,0
SIM,nr,F8_CONTRACTION,NormSpd,Not Short,NoSpin,1.2,18.7919,8.78239,9.98239,0.000221369,-1.2203,-0.635107,-3.44382,0.0280449,0.693414,-0.0531703,-0.0337486,-0.0221262,-0.0221249,-3,0,1.25656,1.25633,0,0.0138461,-0.00865325,-0.0181556,0.730739,0.0168002,-0.0134072,-0.0227705,0,0,0,0
SIM,nr,F8_CONTRACTION,NormSpd,Not Short,NoSpin,1.2,18.8896,8.88007,10.0801,0.00023092,-1.15269,-0.614779,-3.4467,0.0289446,0.746308,0.065063,-0.0314508,0.100576,0.100449,-3,0,1.25505,1.25028,0,-0.00560693,-0.00611327,-0.0193353,0.730706,0.000313062,-0.00947486,-0.0240758,0,0,0,0
SIM,nr,F8_CONTRACTION,NormSpd,Not Short,NoSpin,1.2,18.9896,8.98005,10.18,0.000221281,-1.07485,-0.580636,-3.44953,0.0298405,0.801723,0.191313,-0.0282771,0.225772,0.224329,-3,0,1.2486,1.22461,0,-0.0232697,-0.0035601,-0.0210026,0.730727,-0.0135355,-0.0074266,-0.0250512,0,0,0,0
SIM,nr,F8_CONTRACTION,NormSpd,Not Short,NoSpin,1.2,19.0896,9.08005,10.28,0.000223973,-0.998019,-0.538021,-3.45171,0.0305393,0.852,0.304628,-0.0259203,0.350103,0.344697,-3,0,1.23723,1.17962,0,-0.0418439,0.000338957,-0.022283,0.730611,-0.0319563,-0.000487532,-0.0263696,0,0,0,0
SIM,nr,F8_CONTRACTION,NormSpd,Not Short,NoSpin,1.2,19.1896,9.1801,10.3801,0.00023233,-0.909242,-0.481104,-3.45355,0.0312217,0.905176,0.421366,-0.0241339,0.473117,0.459689,-3,0,1.22097,1.11599,0,-0.0617709,0.00637145,-0.0245024,0.730494,-0.0460663,0.00419265,-0.0272331,0,0,0,0
SIM,nr,F8_CONTRACTION,NormSpd,Not Short,NoSpin,1.2,19.2895,9.28008,10.4801,0.000176474,-0.822486,-0.4204,-3.45506,0.031502,0.95264,0.520696,-0.0226356,0.594183,0.567355,-3,0,1.1999,1.03481,0,-0.0768989,0.0130799,-0.0254634,0.730321,-0.0608616,0.0121043,-0.0279598,0,0,0,0
SIM,nr,F8_CONTRACTION,NormSpd,Not Short,NoSpin,1.2,19.3896,9.38007,10.5801,0.000202874,-0.731875,-0.352683,-3.45635,0.031534,0.997845,0.610919,-0.021567,0.712904,0.666076,-3,0,1.17409,0.937305,0,-0.0894144,0.0204466,-0.0264487,0.730163,-0.0727586,0.0188539,-0.0281249,0,0,0,0
SIM,nr,F8_CONTRACTION,NormSpd,Not Short,NoSpin,1.2,19.4895,9.48004,10.68,0.000191825,-0.62969,-0.272615,-3.4578,0.0312826,1.0436,0.696852,-0.021292,0.828799,0.754286,-3,0,1.14366,0.82504,0,-0.103445,0.0289414,-0.0274045,0.729957,-0.0856787,0.0284528,-0.0278776,0,0,0,0
SIM,nr,F8_CONTRACTION,NormSpd,Not Short,NoSpin,1.2,19.5894,9.57996,10.78,0.000153452,-0.523777,-0.186791,-3.45888,0.0307929,1.0854,0.769072,-0.0209473,0.941366,0.830569,-3,0,1.10873,0.699841,0,-0.11508,0.0395539,-0.0269684,0.72978,-0.0952963,0.0357839,-0.0270863,0,0,0,0
SIM,nr,F8_CONTRACTION,NormSpd,Not Short,NoSpin,1.2,19.6895,9.68005,10.8801,0.000203813,-0.423092,-0.103189,-3.45991,0.0301895,1.11927,0.823225,-0.0209662,1.0504,0.89387,-3,0,1.06937,0.563384,0,-0.121823,0.0461791,-0.0278998,0.729687,-0.103217,0.0412355,-0.0259778,0,0,0,0
SIM,nr,F8_CONTRACTION,NormSpd,Not Short,NoSpin,1.2,19.7895,9.78005,10.9801,0.000204879,-0.310822,-0.00960578,-3.46138,0.0292374,1.15115,0.867578,-0.0218584,1.1552,0.943012,-3,0,1.02582,0.418155,0,-0.128531,0.0498778,-0.0277168,0.729612,-0.1097,0.0449341,-0.0245506,0,0,0,0
SIM,nr,F8_CONTRACTION,NormSpd,Not Short,NoSpin,1.2,19.8893,9.88001,11.08,6.272e-05,-0.20457,0.0777277,-3.46332,0.028095,1.17633,0.893994,-0.0234438,1.25539,0.97727,-3,0,0.978241,0.266406,0,-0.133417,0.0526764,-0.0273031,0.729534,-0.11522,0.050362,-0.0226461,0,0,0,0
SIM,nr,F8_CONTRACTION,NormSpd,Not Short,NoSpin,1.2,19.9893,9.98,11.18,6.057e-05,-0.0864101,0.171825,-3.46614,0.026429,1.19884,0.906226,-0.0254327,1.35067,0.996134,-3,0,0.926785,0.110394,0,-0.136917,0.0588816,-0.0261046,0.729454,-0.117891,0.055567,-0.0202975,0,0,0,0
SIM,nr,F8_CONTRACTION,NormSpd,Not Short,NoSpin,1.2,20.0893,10.08,11.28,6.2172e-05,0.0244445,0.256863,-3.46939,0.024666,1.21432,0.902961,-0.0279355,1.44062,0.999289,-3,0,0.87167,-0.0473638,0,-0.134137,0.0629056,-0.0237478,0.72937,-0.118387,0.0583828,-0.0178661,0,0,0,0
SIM,nr,F8_CONTRACTION,NormSpd,Not Short,NoSpin,1.2,20.1893,10.18,11.38,5.0963e-05,0.136578,0.339029,-3.47328,0.0227332,1.22413,0.885677,-0.030489,1.52488,0.986686,-3,0,0.813116,-0.204373,0,-0.133573,0.0671037,-0.0228616,0.729299,-0.117655,0.0616007,-0.0151651,0,0,0,0
SIM,nr,F8_CONTRACTION,NormSpd,Not Short,NoSpin,1.2,20.2893,10.28,11.48,3.2045e-05,0.25875,0.423341,-3.47791,0.0205448,1.22835,0.851774,-0.0325883,1.60313,0.958524,-3,0,0.751353,-0.358157,0,-0.127851,0.0689915,-0.0214874,0.729265,-0.114776,0.0647125,-0.0122793,0,0,0,0
SIM,nr,F8_CONTRACTION,NormSpd,Not Short,NoSpin,1.2,20.3893,10.38,11.58,5.2544e-05,0.381403,0.501268,-3.48275,0.018306,1.22571,0.802642,-0.0342542,1.67506,0.91524,-3,0,0.686617,-0.506312,0,-0.12491,0.0703741,-0.017659,0.729312,-0.110502,0.0656628,-0.00963322,0,0,0,0
SIM,nr,F8_CONTRACTION,NormSpd,Not Short,NoSpin,1.2,20.4893,10.48,11.68,5.3883e-05,0.49474,0.566438,-3.48779,0.0161447,1.21746,0.74486,-0.0358492,1.74037,0.857527,-3,0,0.61918,-0.646463,0,-0.116385,0.0700284,-0.0158519,0.72936,-0.104434,0.0665223,-0.00704981,0,0,0,0
SIM,nr,F8_CONTRACTION,NormSpd,Not Short,NoSpin,1.2,20.5893,10.58,11.78,3.3989e-05,0.616397,0.629251,-3.49338,0.0138554,1.2015,0.670415,-0.0367203,1.79881,0.786294,-3,0,0.549301,-0.776417,0,-0.104065,0.0707412,-0.0126404,0.729448,-0.0976427,0.0665681,-0.00459634,0,0,0,0
SIM,nr,F8_CONTRACTION,NormSpd,Not Short,NoSpin,1.2,20.6893,10.68,11.88,5.3818e-05,0.726543,0.678857,-3.49893,0.0118529,1.18016,0.591533,-0.0365241,1.85017,0.702628,-3,0,0.477226,-0.89417,0,-0.0936044,0.0692036,-0.0105119,0.729592,-0.0916102,0.0647527,-0.00259662,0,0,0,0
SIM,nr,F8_CONTRACTION,NormSpd,Not Short,NoSpin,1.2,20.7894,10.78,11.98,6.4269e-05,0.842426,0.722475,-3.50499,0.00982132,1.1496,0.496704,-0.0360507,1.89422,0.607881,-3,0,0.403272,-0.997805,0,-0.0860791,0.0655072,-0.00841133,0.729782,-0.0866511,0.0612501,-0.00107346,0,0,0,0
SIM,nr,F8_CONTRACTION,NormSpd,Not Short,NoSpin,1.2,20.8894,10.88,12.08,6.5552e-05,0.946129,0.752706,-3.51046,0.00807535,1.11554,0.40105,-0.0355871,1.93077,0.503601,-3,0,0.327767,-1.08565,0,-0.0755497,0.0636211,-0.00523838,0.729909,-0.0769176,0.0583527,0.000328991,0,0,0,0
SIM,nr,F8_CONTRACTION,NormSpd,Not Short,NoSpin,1.2,20.9894,10.98,12.18,6.6256e-05,1.05402,0.774131,-3.51604,0.00628889,1.07187,0.289857,-0.033993,1.95972,0.391326,-3,0,0.250931,-1.15642,0,-0.0608824,0.0586152,-0.00325675,0.730006,-0.0630635,0.0549205,0.00139602,0,0,0,0
SIM,nr,F8_CONTRACTION,NormSpd,Not Short,NoSpin,1.2,21.0894,11.08,12.28,7.12e-05,1.14104,0.782675,-3.52056,0.00486962,1.03015,0.191341,-0.0320666,1.98093,0.272902,-3,0,0.17312,-1.20894,0,-0.0494589,0.0531086,-0.00258019,0.730159,-0.0516579,0.0502412,0.00210877,0,0,0,0
SIM,nr,F8_CONTRACTION,NormSpd,Not Short,NoSpin,1.2,21.1895,11.1801,12.3801,8.3842e-05,1.23109,0.781746,-3.52521,0.0035022,0.9798,0.0802249,-0.0296773,1.99433,0.150113,-3,0,0.0945869,-1.2424,0,-0.0360998,0.0470252,0.000139357,0.730246,-0.0365023,0.045505,0.00256582,0,0,0,0
SIM,nr,F8_CONTRACTION,NormSpd,Not Short,NoSpin,1.2,21.2894,11.28,12.48,8.0373e-05,1.32319,0.768116,-3.52994,0.00215791,0.921625,-0.0428634,-0.0268128,1.99984,0.0250772,-3,0,0.0157577,-1.25624,0,-0.0155228,0.0416941,0.00132596,0.730287,-0.0189716,0.0415568,0.0029189,0,0,0,0
SIM,nr,F8_CONTRACTION,NormSpd,Not Short,NoSpin,1.2,21.3894,11.38,12.58,9.6661e-05,1.403,0.744296,-3.53413,0.00104314,0.8645,-0.156759,-0.0235714,1.99747,-0.100402,-3,0,-0.063164,-1.25029,0,0.00239726,0.0385991,0.00268311,0.730316,-0.00366568,0.0384485,0.00325107,0,0,0,0
SIM,nr,F8_CONTRACTION,NormSpd,Not Short,NoSpin,1.2,21.4894,11.48,12.68,9.9035e-05,1.48271,0.70606,-3.53837,-3.48543e-05,0.799138,-0.278622,-0.0199731,1.98722,-0.224303,-3,0,-0.14184,-1.22462,0,0.022895,0.0325528,0.00174572,0.730298,0.0134803,0.0351275,0.00339976,0,0,0,0
SIM,nr,F8_CONTRACTION,NormSpd,Not Short,NoSpin,1.2,21.5895,11.58,12.78,0.000139441,1.55539,0.655789,-3.5426,-0.00106247,0.730352,-0.396374,-0.0166407,1.96912,-0.344695,-3,0,-0.219975,-1.17962,0,0.0407587,0.0307652,0.00361752,0.730224,0.0304938,0.0319436,0.00354748,0,0,0,0
SIM,nr,F8_CONTRACTION,NormSpd,Not Short,NoSpin,1.2,21.6894,11.68,12.88,8.7303e-05,1.61655,0.599775,-3.54618,-0.00188793,0.664809,-0.499066,-0.0141157,1.94326,-0.459589,-3,0,-0.2972,-1.11606,0,0.060853,0.0255134,0.00290793,0.730101,0.0467243,0.0291356,0.00367435,0,0,0,0
SIM,nr,F8_CONTRACTION,NormSpd,Not Short,NoSpin,1.2,21.7894,11.78,12.98,0.000134658,1.676,0.529146,-3.54934,-0.00280454,0.592059,-0.602592,-0.0117613,1.90971,-0.56731,-3,0,-0.373304,-1.03485,0,0.0782736,0.0237258,0.00449459,0.729957,0.0619173,0.0270322,0.00384961,0,0,0,0
SIM,nr,F8_CONTRACTION,NormSpd,Not Short,NoSpin,1.2,21.8894,11.88,13.08,0.000124708,1.72085,0.462646,-3.55135,-0.00353243,0.529383,-0.681602,-0.0100182,1.86865,-0.66603,-3,0,-0.447895,-0.937357,0,0.0919504,0.0219795,0.0038039,0.729886,0.0731573,0.0261527,0.00414186,0,0,0,0
SIM,nr,F8_CONTRACTION,NormSpd,Not Short,NoSpin,1.2,21.9896,11.9801,13.1801,0.000241833,1.7639,0.38422,-3.553,-0.00430797,0.459858,-0.758074,-0.00797807,1.82016,-0.754326,-3,0,-0.520785,-0.824982,0,0.102515,0.0221299,0.00418438,0.729888,0.0825105,0.0260805,0.00442269,0,0,0,0
SIM,nr,F8_CONTRACTION,NormSpd,Not Short,NoSpin,1.2,22.0896,12.0801,13.2801,0.000237282,1.80278,0.292485,-3.55415,-0.00517334,0.382928,-0.828713,-0.0062874,1.76454,-0.83065,-3,0,-0.591558,-0.69969,0,0.112346,0.0195806,0.00406435,0.729917,0.093997,0.0244176,0.00467448,0,0,0,0
SIM,nr,F8_CONTRACTION,NormSpd,Not Short,NoSpin,1.2,22.1895,12.18,13.38,0.000152173,1.83141,0.203176,-3.55445,-0.00592326,0.310181,-0.881702,-0.00556225,1.70196,-0.893864,-3,0,-0.659981,-0.563398,0,0.124715,0.0186504,0.00463938,0.729988,0.104816,0.0220286,0.00494182,0,0,0,0
SIM,nr,F8_CONTRACTION,NormSpd,Not Short,NoSpin,1.2,22.2896,12.2801,13.4801,0.000173838,1.85475,0.102517,-3.55428,-0.00662574,0.230672,-0.925287,-0.0048281,1.63259,-0.943039,-3,0,-0.725873,-0.418062,0,0.133456,0.0150693,0.00573504,0.730141,0.11392,0.0194273,0.00524224,0,0,0,0
SIM,nr,F8_CONTRACTION,NormSpd,Not Short,NoSpin,1.2,22.3895,12.38,13.58,0.000157266,1.86923,0.00682507,-3.55433,-0.00717019,0.156601,-0.952513,-0.00464002,1.55689,-0.977279,-3,0,-0.788806,-0.266351,0,0.141408,0.0108553,0.00435469,0.730331,0.122006,0.0169943,0.005499,0,0,0,0
SIM,nr,F8_CONTRACTION,NormSpd,Not Short,NoSpin,1.2,22.4895,12.48,13.68,0.000177034,1.87772,-0.0972955,-3.55479,-0.00766106,0.0766485,-0.965793,-0.00565642,1.475,-0.996137,-3,0,-0.848664,-0.110354,0,0.146701,0.00912765,0.00642026,0.730534,0.127825,0.0151155,0.00577277,0,0,0,0
SIM,nr,F8_CONTRACTION,NormSpd,Not Short,NoSpin,1.2,22.5896,12.5801,13.7801,0.000245644,1.87929,-0.192139,-3.55532,-0.00801338,0.00345364,-0.962916,-0.00698513,1.38722,-0.999285,-3,0,-0.905219,0.047512,0,0.146945,0.00710464,0.0051272,0.730763,0.130801,0.0162833,0.00575829,0,0,0,0
SIM,nr,F8_CONTRACTION,NormSpd,Not Short,NoSpin,1.2,22.6896,12.6801,13.8801,0.000279628,1.87473,-0.284532,-3.5559,-0.00832391,-0.0687215,-0.945827,-0.00891848,1.29405,-0.986673,-3,0,-0.958146,0.204476,0,0.149282,0.00883402,0.00702465,0.731039,0.13238,0.0166765,0.00579157,0,0,0,0
SIM,nr,F8_CONTRACTION,NormSpd,Not Short,NoSpin,1.2,22.7895,12.7801,13.9801,0.000145868,1.86445,-0.373062,-3.55698,-0.0085521,-0.139775,-0.914303,-0.0115729,1.19574,-0.958497,-3,0,-1.00731,0.358269,0,0.148216,0.00859231,0.004949,0.731287,0.131693,0.0170711,0.00577333,0,0,0,0
SIM,nr,F8_CONTRACTION,NormSpd,Not Short,NoSpin,1.2,22.8897,12.8801,14.0801,0.000241878,1.84797,-0.455575,-3.5583,-0.00875114,-0.210555,-0.867784,-0.0138659,1.09273,-0.915212,-3,0,-1.05249,0.50639,0,0.146049,0.011384,0.00636039,0.731534,0.127466,0.0168348,0.0057716,0,0,0,0
SIM,nr,F8_CONTRACTION,NormSpd,Not Short,NoSpin,1.2,22.9895,12.98,14.18,0.00018358,1.82261,-0.536909,-3.56011,-0.00905799,-0.287197,-0.801644,-0.016375,0.985405,-0.857498,-3,0,-1.09352,0.646525,0,0.13516,0.00593927,0.00600615,0.731741,0.11886,0.0141227,0.00620972,0,0,0,0
SIM,nr,F8_CONTRACTION,NormSpd,Not Short,NoSpin,1.2,23.0894,13.08,14.28,0.000122354,1.78963,-0.609241,-3.56243,-0.0093331,-0.363107,-0.720982,-0.0184232,0.874195,-0.786263,-3,0,-1.13024,0.776466,0,0.122932,0.00400931,0.00633524,0.731931,0.109551,0.0123153,0.00656081,0,0,0,0
SIM,nr,F8_CONTRACTION,NormSpd,Not Short,NoSpin,1.2,23.1895,13.18,14.38,0.000163748,1.75239,-0.667085,-3.56488,-0.00950102,-0.432473,-0.63509,-0.0199753,0.759521,-0.702622,-3,0,-1.1625,0.894177,0,0.111058,0.000956927,0.005918,0.732064,0.0973965,0.00876851,0.00717942,0,0,0,0
SIM,nr,F8_CONTRACTION,NormSpd,Not Short,NoSpin,1.2,23.2894,13.28,14.48,0.000113802,1.70458,-0.719272,-3.56802,-0.00962947,-0.506141,-0.531458,-0.0214425,0.641857,-0.607905,-3,0,-1.19017,0.997782,0,0.0921813,-0.00399675,0.0069421,0.732155,0.0858541,0.00646094,0.00757845,0,0,0,0
SIM,nr,F8_CONTRACTION,NormSpd,Not Short,NoSpin,1.2,23.3894,13.38,14.58,7.0771e-05,1.65319,-0.757195,-3.57143,-0.00963369,-0.572873,-0.427923,-0.0224466,0.521678,-0.503619,-3,0,-1.21314,1.08564,0,0.0766639,-0.00744457,0.00714988,0.732196,0.0751108,0.00447645,0.00787672,0,0,0,0
SIM,nr,F8_CONTRACTION,NormSpd,Not Short,NoSpin,1.2,23.4893,13.48,14.68,5.6435e-05,1.59519,-0.785044,-3.57504,-0.00954744,-0.638509,-0.318759,-0.0228843,0.399422,-0.391376,-3,0,-1.23132,1.1564,0,0.06273,-0.0100867,0.0064739,0.732114,0.0608612,-0.00162803,0.00868719,0,0,0,0
SIM,nr,F8_CONTRACTION,NormSpd,Not Short,NoSpin,1.2,23.5893,13.58,14.78,5.9748e-05,1.52551,-0.803205,-3.57907,-0.00928883,-0.7076,-0.195342,-0.022368,0.275572,-0.272944,-3,0,-1.24465,1.20892,0,0.0479354,-0.0132509,0.0073839,0.732064,0.0484643,-0.00576884,0.00908652,0,0,0,0
SIM,nr,F8_CONTRACTION,NormSpd,Not Short,NoSpin,1.2,23.6893,13.68,14.88,5.1812e-05,1.44924,-0.80788,-3.58316,-0.00899316,-0.774005,-0.0679109,-0.021743,0.150646,-0.150218,-3,0,-1.25307,1.24238,0,0.028808,-0.0217546,0.00777754,0.731866,0.0324858,-0.0117551,0.00959099,0,0,0,0
SIM,nr,F8_CONTRACTION,NormSpd,Not Short,NoSpin,1.2,23.7893,13.78,14.98,5.4842e-05,1.3725,-0.800274,-3.58692,-0.00867875,-0.833096,0.0512689,-0.0211764,0.0251082,-0.0251062,-3,0,-1.25654,1.25624,0,0.0127148,-0.0244701,0.00728412,0.731634,0.0165805,-0.0166342,0.0098505,0,0,0,0
SIM,nr,F8_CONTRACTION,NormSpd,Not Short,NoSpin,1.2,23.8893,13.88,15.08,5.3522e-05,1.29004,-0.780821,-3.59118,-0.00836083,-0.889376,0.170448,-0.0203787,-0.100513,0.100386,-3,0,-1.25505,1.25029,0,-0.00537695,-0.0305201,0.0101668,0.731344,0.00198366,-0.0199595,0.00980734,0,0,0,0
SIM,nr,F8_CONTRACTION,NormSpd,Not Short,NoSpin,1.2,23.9893,13.98,15.18,5.2841e-05,1.19479,-0.746493,-3.59572,-0.00799,-0.946617,0.297861,-0.0190194,-0.225713,0.224271,-3,0,-1.24861,1.22463,0,-0.0236852,-0.0326164,0.00993489,0.730936,-0.0158421,-0.0253679,0.00983685,0,0,0,0
SIM,nr,F8_CONTRACTION,NormSpd,Not Short,NoSpin,1.2,24.0893,14.08,15.28,5.207e-05,1.09402,-0.699302,-3.59956,-0.00756211,-0.999788,0.421219,-0.0171298,-0.350042,0.344639,-3,0,-1.23724,1.17965,0,-0.0446539,-0.0399184,0.011289,0.730564,-0.0325918,-0.0292164,0.00950487,0,0,0,0
SIM,nr,F8_CONTRACTION,NormSpd,Not Short,NoSpin,1.2,24.1893,14.18,15.38,5.2594e-05,0.996835,-0.645462,-3.60225,-0.00711258,-1.04426,0.528663,-0.0151689,-0.472999,0.459581,-3,0,-1.22099,1.11606,0,-0.0619507,-0.0441775,0.00952699,0.730176,-0.0518592,-0.0349047,0.0090361,0,0,0,0
SIM,nr,F8_CONTRACTION,NormSpd,Not Short,NoSpin,1.2,24.2893,14.28,15.48,5.2604e-05,0.895856,-0.582779,-3.60355,-0.00655559,-1.08411,0.628317,-0.0127379,-0.594101,0.567284,-3,0,-1.19991,1.03487,0,-0.0825884,-0.0489312,0.0102394,0.729963,-0.066218,-0.0368331,0.00814096,0,0,0,0
SIM,nr,F8_CONTRACTION,NormSpd,Not Short,NoSpin,1.2,24.3893,14.38,15.58,5.561e-05,0.782475,-0.505698,-3.60409,-0.00586749,-1.12195,0.726099,-0.0106051,-0.712838,0.666023,-3,0,-1.17411,0.937365,0,-0.0943688,-0.0479509,0.00931003,0.729842,-0.0805115,-0.0391432,0.00703212,0,0,0,0
SIM,nr,F8_CONTRACTION,NormSpd,Not Short,NoSpin,1.2,24.4894,14.48,15.68,5.6223e-05,0.665477,-0.420373,-3.60466,-0.00514867,-1.15457,0.811555,-0.00952816,-0.828788,0.754278,-3,0,-1.14366,0.825052,0,-0.10888,-0.0500046,0.0105512,0.729729,-0.0930603,-0.0406235,0.00581515,0,0,0,0
SIM,nr,F8_CONTRACTION,NormSpd,Not Short,NoSpin,1.2,24.5894,14.58,15.78,7.3212e-05,0.564567,-0.342843,-3.60562,-0.00451447,-1.1774,0.873544,-0.00955841,-0.94143,0.83061,-3,0,-1.10871,0.699764,0,-0.119834,-0.0521695,0.00891266,0.729607,-0.103297,-0.0406673,0.004462,0,0,0,0
SIM,nr,F8_CONTRACTION,NormSpd,Not Short,NoSpin,1.2,24.6894,14.68,15.88,9.2578e-05,0.452807,-0.253422,-3.60719,-0.00387926,-1.19713,0.929456,-0.0100579,-1.05037,0.893852,-3,0,-1.06938,0.563428,0,-0.131029,-0.0494439,0.0058534,0.729457,-0.113034,-0.040536,0.00315713,0,0,0,0
SIM,nr,F8_CONTRACTION,NormSpd,Not Short,NoSpin,1.2,24.7893,14.78,15.98,4.9562e-05,0.329872,-0.152501,-3.6094,-0.00322209,-1.21332,0.974733,-0.0112234,-1.15516,0.942997,-3,0,-1.02583,0.418209,0,-0.13871,-0.0483805,0.00617678,0.729324,-0.12087,-0.0401934,0.00192383,0,0,0,0
SIM,nr,F8_CONTRACTION,NormSpd,Not Short,NoSpin,1.2,24.8894,14.8801,16.0801,6.5291e-05,0.215574,-0.0572051,-3.61187,-0.00262443,-1.22319,1.00204,-0.0124985,-1.25546,0.97729,-3,0,-0.978205,0.266292,0,-0.144795,-0.0463031,0.00526662,0.729224,-0.127117,-0.0395268,0.000729257,0,0,0,0
SIM,nr,F8_CONTRACTION,NormSpd,Not Short,NoSpin,1.2,24.9894,14.98,16.18,9.139e-05,0.0912059,0.0468287,-3.61515,-0.00211278,-1.22893,1.01536,-0.0142649,-1.3507,0.996137,-3,0,-0.926768,0.110344,0,-0.148406,-0.0475121,0.00333453,0.729161,-0.132973,-0.0422706,-0.000645583,0,0,0,0
SIM,nr,F8_CONTRACTION,NormSpd,Not Short,NoSpin,1.2,25.0895,15.08,16.28,0.000135683,-0.0241873,0.141883,-3.61867,-0.00163813,-1.2299,1.01267,-0.0156689,-1.44066,0.999287,-3,0,-0.871644,-0.0474366,0,-0.150872,-0.0495783,0.00202348,0.729151,-0.136134,-0.0437277,-0.00188062,0,0,0,0
SIM,nr,F8_CONTRACTION,NormSpd,Not Short,NoSpin,1.2,25.1894,15.18,16.38,7.8814e-05,-0.148913,0.241792,-3.62314,-0.00121229,-1.22591,0.992998,-0.0177189,-1.52489,0.986684,-3,0,-0.813109,-0.20439,0,-0.151849,-0.048508,0.00168934,0.729178,-0.136791,-0.0450228,-0.00307455,0,0,0,0
SIM,nr,F8_CONTRACTION,NormSpd,Not Short,NoSpin,1.2,25.2895,15.2801,16.4801,0.000136307,-0.263018,0.329933,-3.62771,-0.000913208,-1.21706,0.959368,-0.0194054,-1.60318,0.958498,-3,0,-0.751307,-0.358268,0,-0.150342,-0.051605,3.91041e-05,0.729201,-0.134533,-0.0459678,-0.00408146,0,0,0,0
SIM,nr,F8_CONTRACTION,NormSpd,Not Short,NoSpin,1.2,25.3895,15.38,16.58,0.000209401,-0.38522,0.419359,-3.63313,-0.000757992,-1.20225,0.907185,-0.0210249,-1.67509,0.915216,-3,0,-0.686587,-0.506378,0,-0.141153,-0.0495018,-0.00234068,0.729278,-0.129335,-0.0462969,-0.00486407,0,0,0,0
SIM,nr,F8_CONTRACTION,NormSpd,Not Short,NoSpin,1.2,25.4896,15.4801,16.6801,0.000232383,-0.496045,0.494705,-3.63839,-0.00066452,-1.18363,0.844696,-0.0223334,-1.74043,0.857461,-3,0,-0.61911,-0.646601,0,-0.134203,-0.0486375,-0.00157519,0.72937,-0.12391,-0.0445261,-0.00516816,0,0,0,0
SIM,nr,F8_CONTRACTION,NormSpd,Not Short,NoSpin,1.2,25.5894,15.58,16.78,0.000115161,-0.604258,0.562044,-3.64378,-0.000720623,-1.16019,0.769623,-0.0230743,-1.79884,0.786252,-3,0,-0.549263,-0.776483,0,-0.124923,-0.044837,-0.00290078,0.729478,-0.115626,-0.0435029,-0.00538738,0,0,0,0
SIM,nr,F8_CONTRACTION,NormSpd,Not Short,NoSpin,1.2,25.6896,15.6801,16.8801,0.000229861,-0.709259,0.62056,-3.64927,-0.000904495,-1.13201,0.683164,-0.0233522,-1.85019,0.702581,-3,0,-0.477188,-0.894227,0,-0.114293,-0.0431764,-0.00423639,0.729591,-0.105264,-0.0423893,-0.00538152,0,0,0,0
SIM,nr,F8_CONTRACTION,NormSpd,Not Short,NoSpin,1.2,25.7895,15.7801,16.9801,0.00019808,-0.81865,0.673382,-3.65475,-0.00124921,-1.09608,0.577987,-0.0224918,-1.89422,0.607876,-3,0,-0.403269,-0.99781,0,-0.0987082,-0.0399994,-0.00491096,0.729704,-0.0913177,-0.0412835,-0.00508634,0,0,0,0
SIM,nr,F8_CONTRACTION,NormSpd,Not Short,NoSpin,1.2,25.8895,15.8801,17.0801,0.00019553,-0.915002,0.711387,-3.65947,-0.00167893,-1.0585,0.471851,-0.0208509,-1.93078,0.503558,-3,0,-0.327737,-1.08569,0,-0.0823778,-0.0401581,-0.00562523,0.729834,-0.0748847,-0.0395682,-0.00446674,0,0,0,0
SIM,nr,F8_CONTRACTION,NormSpd,Not Short,NoSpin,1.2,25.9894,15.98,17.18,0.0001106,-1.00704,0.738215,-3.66387,-0.00215482,-1.01694,0.358959,-0.018422,-1.95972,0.391333,-3,0,-0.250936,-1.15642,0,-0.0619407,-0.0391798,-0.00456812,0.729989,-0.059305,-0.0370184,-0.0036115,0,0,0,0
SIM,nr,F8_CONTRACTION,NormSpd,Not Short,NoSpin,1.2,26.0895,16.08,17.28,0.000131767,-1.10061,0.754448,-3.66807,-0.00269146,-0.967624,0.231035,-0.015655,-1.98093,0.272895,-3,0,-0.173116,-1.20894,0,-0.0411849,-0.0325115,-0.00469905,0.730127,-0.0425474,-0.0341679,-0.00260554,0,0,0,0
SIM,nr,F8_CONTRACTION,NormSpd,Not Short,NoSpin,1.2,26.1895,16.1801,17.3801,0.000196416,-1.18745,0.757846,-3.67133,-0.00320892,-0.914358,0.100341,-0.0121818,-1.99432,0.150159,-3,0,-0.094616,-1.24239,0,-0.021629,-0.0281829,-0.00259327,0.730219,-0.026408,-0.0313675,-0.00156198,0,0,0,0
SIM,nr,F8_CONTRACTION,NormSpd,Not Short,NoSpin,1.2,26.2896,16.2801,17.4801,0.000236523,-1.25527,0.750453,-3.67328,-0.00357039,-0.866431,-0.010752,-0.00874588,-1.99984,0.0250487,-3,0,-0.0157398,-1.25624,0,-0.00332549,-0.0264582,-0.0030061,0.730402,-0.0128396,-0.0280927,-0.000572444,0,0,0,0
SIM,nr,F8_CONTRACTION,NormSpd,Not Short,NoSpin,1.2,26.3894,16.38,17.58,0.000110983,-1.32382,0.731673,-3.67477,-0.00389049,-0.812038,-0.131028,-0.00533177,-1.99747,-0.100377,-3,0,0.0631488,-1.25029,0,0.0120884,-0.0216472,-0.00290044,0.730552,0.0021612,-0.0252064,0.000325132,0,0,0,0
SIM,nr,F8_CONTRACTION,NormSpd,Not Short,NoSpin,1.2,26.4893,16.48,17.68,4.3296e-05,-1.39143,0.698808,-3.67598,-0.00416236,-0.751077,-0.258923,-0.00226508,-1.98722,-0.224265,-3,0,0.141816,-1.22463,0,0.0267042,-0.0172562,-0.00216662,0.73063,0.0188233,-0.0230954,0.0010884,0,0,0,0
SIM,nr,F8_CONTRACTION,NormSpd,Not Short,NoSpin,1.2,26.5893,16.58,17.78,3.2357e-05,-1.44817,0.657129,-3.6766,-0.00436423,-0.693736,-0.373222,0.000223655,-1.96913,-0.344634,-3,0,0.219935,-1.17965,0,0.0440054,-0.0153854,-0.00125773,0.730649,0.0358793,-0.0218567,0.00170678,0,0,0,0
SIM,nr,F8_CONTRACTION,NormSpd,Not Short,NoSpin,1.2,26.6893,16.68,17.88,5.2823e-05,-1.50384,0.601225,-3.67672,-0.00449291,-0.630487,-0.490099,0.002603,-1.94326,-0.459578,-3,0,0.297192,-1.11607,0,0.0619077,-0.0142874,-0.000678907,0.730682,0.0514993,-0.0217202,0.00214422,0,0,0,0
SIM,nr,F8_CONTRACTION,NormSpd,Not Short,NoSpin,1.2,26.7893,16.78,17.98,3.1781e-05,-1.5491,0.541035,-3.67695,-0.00436892,-0.570795,-0.58985,0.00402013,-1.90973,-0.567262,-3,0,0.373269,-1.03489,0,0.0790991,-0.0158833,0.000938217,0.730675,0.0658409,-0.0220443,0.00240528,0,0,0,0
SIM,nr,F8_CONTRACTION,NormSpd,Not Short,NoSpin,1.2,26.8893,16.88,18.08,3.3017e-05,-1.59146,0.467378,-3.67722,-0.00403206,-0.504881,-0.687256,0.00430001,-1.86866,-0.66601,-3,0,0.447879,-0.937379,0,0.0939097,-0.0131973,-0.00069389,0.730574,0.0808879,-0.0212378,0.00256528,0,0,0,0
SIM,nr,F8_CONTRACTION,NormSpd,Not Short,NoSpin,1.2,26.9893,16.98,18.18,5.1955e-05,-1.62494,0.3926,-3.67775,-0.00356538,-0.443086,-0.765951,0.00433021,-1.82021,-0.75425,-3,0,0.520718,-0.825093,0,0.106841,-0.0121026,0.00158667,0.730477,0.0922652,-0.0212657,0.00252925,0,0,0,0
SIM,nr,F8_CONTRACTION,NormSpd,Not Short,NoSpin,1.2,27.0893,17.08,18.28,5.2586e-05,-1.65556,0.306129,-3.67844,-0.00288967,-0.375584,-0.837477,0.00396367,-1.76458,-0.830595,-3,0,0.591503,-0.699793,0,0.116741,-0.0149347,0.00265752,0.730398,0.10145,-0.0217496,0.00231909,0,0,0,0
SIM,nr,F8_CONTRACTION,NormSpd,Not Short,NoSpin,1.2,27.1894,17.1801,18.3801,5.5866e-05,-1.67862,0.221663,-3.67919,-0.00216037,-0.312924,-0.890829,0.0025774,-1.70194,-0.893887,-3,0,0.660008,-0.56334,0,0.125873,-0.01507,0.00266654,0.730332,0.107635,-0.0238827,0.00205985,0,0,0,0
SIM,nr,F8_CONTRACTION,NormSpd,Not Short,NoSpin,1.2,27.2894,17.28,18.48,5.8888e-05,-1.69807,0.127067,-3.68023,-0.00131955,-0.24485,-0.933443,0.000490227,-1.63266,-0.943001,-3,0,0.725815,-0.418197,0,0.131587,-0.016915,0.00258423,0.730251,0.114443,-0.0250491,0.00176101,0,0,0,0
SIM,nr,F8_CONTRACTION,NormSpd,Not Short,NoSpin,1.2,27.3893,17.38,18.58,5.944e-05,-1.71082,0.0378908,-3.6815,-0.000548968,-0.181578,-0.958941,-0.00178552,-1.55691,-0.977272,-3,0,0.788789,-0.266394,0,0.135832,-0.0173181,0.00189413,0.730203,0.120043,-0.0265644,0.00154179,0,0,0,0
SIM,nr,F8_CONTRACTION,NormSpd,Not Short,NoSpin,1.2,27.4893,17.48,18.68,4.0029e-05,-1.71843,-0.0587166,-3.68315,0.000285661,-0.111834,-0.970513,-0.00434817,-1.47503,-0.996134,-3,0,0.848649,-0.110396,0,0.139732,-0.0201504,0.0019712,0.730186,0.124043,-0.0273387,0.00129065,0,0,0,0
SIM,nr,F8_CONTRACTION,NormSpd,Not Short,NoSpin,1.2,27.5894,17.58,18.78,8.0136e-05,-1.71945,-0.146072,-3.68477,0.00121751,-0.0463107,-0.966436,-0.00660358,-1.38729,-0.999289,-3,0,0.905175,0.0473846,0,0.139438,-0.0191963,0.00117137,0.730226,0.125664,-0.0273348,0.00091146,0,0,0,0
SIM,nr,F8_CONTRACTION,NormSpd,Not Short,NoSpin,1.2,27.6893,17.68,18.88,4.9009e-05,-1.71519,-0.23054,-3.6865,0.00220708,0.019795,-0.948064,-0.00896656,-1.29411,-0.986685,-3,0,0.958116,0.204384,0,0.138067,-0.0203784,0.00168565,0.730319,0.125326,-0.0276223,0.000450702,0,0,0,0
SIM,nr,F8_CONTRACTION,NormSpd,Not Short,NoSpin,1.2,27.7894,17.78,18.98,7.993e-05,-1.70466,-0.317915,-3.68836,0.00330728,0.091766,-0.913044,-0.0116944,-1.1958,-0.958517,-3,0,1.00729,0.358188,0,0.135162,-0.0206082,0.00261893,0.730438,0.122993,-0.0263266,-0.00026602,0,0,0,0
SIM,nr,F8_CONTRACTION,NormSpd,Not Short,NoSpin,1.2,27.8894,17.88,19.08,0.000104288,-1.68749,-0.398574,-3.69067,0.00447139,0.164485,-0.862151,-0.0145446,-1.09276,-0.915225,-3,0,1.05248,0.506353,0,0.128638,-0.0176184,0.00139146,0.730551,0.118172,-0.0239842,-0.00120222,0,0,0,0
SIM,nr,F8_CONTRACTION,NormSpd,Not Short,NoSpin,1.2,27.9894,17.98,19.18,0.000108904,-1.66561,-0.465691,-3.69304,0.00566484,0.231487,-0.801514,-0.0167181,-0.98545,-0.857524,-3,0,1.09351,0.646469,0,0.122473,-0.0134547,0.000529074,0.730642,0.111286,-0.0229509,-0.00214903,0,0,0,0
SIM,nr,F8_CONTRACTION,NormSpd,Not Short,NoSpin,1.2,28.0894,18.08,19.28,6.7251e-05,-1.6381,-0.525242,-3.6957,0.00677891,0.298245,-0.729534,-0.0184091,-0.874195,-0.786263,-3,0,1.13024,0.776465,0,0.110925,-0.0132498,-0.000658626,0.730769,0.102591,-0.0216638,-0.00314612,0,0,0,0
SIM,nr,F8_CONTRACTION,NormSpd,Not Short,NoSpin,1.2,28.1896,18.1801,19.3801,0.000185102,-1.60143,-0.58031,-3.69919,0.00794772,0.370615,-0.639954,-0.01972,-0.75942,-0.702544,-3,0,1.16252,0.894274,0,0.0964828,-0.0121425,-0.00119666,0.730838,0.0916297,-0.0179478,-0.00452027,0,0,0,0
SIM,nr,F8_CONTRACTION,NormSpd,Not Short,NoSpin,1.2,28.2894,18.28,19.48,0.000137906,-1.55793,-0.624906,-3.70321,0.00904893,0.442337,-0.540253,-0.019931,-0.641854,-0.607903,-3,0,1.19017,0.997784,0,0.0820734,-0.00952173,-0.00235233,0.730913,0.0805893,-0.0142635,-0.00589509,0,0,0,0
SIM,nr,F8_CONTRACTION,NormSpd,Not Short,NoSpin,1.2,28.3896,18.3801,19.5801,0.000254044,-1.51121,-0.655512,-3.70662,0.010028,0.508152,-0.440214,-0.0199994,-0.521578,-0.503529,-3,0,1.21315,1.08571,0,0.0694753,-0.00723564,-0.00396286,0.731052,0.0728576,-0.014294,-0.00666888,0,0,0,0
SIM,nr,F8_CONTRACTION,NormSpd,Not Short,NoSpin,1.2,28.4894,18.48,19.68,0.000116548,-1.45419,-0.676675,-3.70955,0.011072,0.578291,-0.324976,-0.0195445,-0.399359,-0.391316,-3,0,1.23133,1.15643,0,0.0553636,-0.0030817,-0.00423187,0.731107,0.0602529,-0.00985938,-0.00809092,0,0,0,0
SIM,nr,F8_CONTRACTION,NormSpd,Not Short,NoSpin,1.2,28.5895,18.5801,19.7801,0.000176786,-1.40092,-0.685189,-3.71146,0.0119245,0.636402,-0.223602,-0.0188118,-0.275494,-0.272868,-3,0,1.24466,1.20895,0,0.0427226,-0.00135948,-0.00560316,0.731192,0.0474273,-0.0058381,-0.00947755,0,0,0,0
SIM,nr,F8_CONTRACTION,NormSpd,Not Short,NoSpin,1.2,28.6897,18.6802,19.8802,0.000151177,-1.33239,-0.683275,-3.71361,0.0128554,0.703245,-0.10037,-0.0174147,-0.150342,-0.149917,-3,0,1.25308,1.24244,0,0.0245479,0.00468888,-0.0066796,0.731239,0.0336703,-0.00150766,-0.0107936,0,0,0,0
SIM,nr,F8_CONTRACTION,NormSpd,Not Short,NoSpin,1.2,28.7896,18.7801,19.9801,0.000238978,-1.26399,-0.669799,-3.71535,0.0137054,0.762613,0.0155816,-0.016137,-0.0250368,-0.0250348,-3,0,1.25654,1.25624,0,0.00774054,0.00936655,-0.0084395,0.731179,0.015627,0.00523143,-0.0123526,0,0,0,0
SIM,nr,F8_CONTRACTION,NormSpd,Not Short,NoSpin,1.2,28.8895,18.8801,20.0801,0.000192949,-1.18436,-0.642949,-3.71708,0.0146269,0.824208,0.140305,-0.0147307,0.100571,0.100444,-3,0,1.25505,1.25028,0,-0.0118971,0.0140557,-0.00948125,0.731124,-0.000148298,0.0090842,-0.0134548,0,0,0,0
SIM,nr,F8_CONTRACTION,NormSpd,Not Short,NoSpin,1.2,28.9895,18.9801,20.1801,0.000188438,-1.10625,-0.60796,-3.719,0.0153542,0.877844,0.252815,-0.0141431,0.225777,0.224334,-3,0,1.2486,1.22461,0,-0.0293172,0.0212495,-0.0111086,0.730949,-0.0163494,0.0133447,-0.0144243,0,0,0,0
SIM,nr,F8_CONTRACTION,NormSpd,Not Short,NoSpin,1.2,29.0894,19.08,20.28,0.000106841,-1.02399,-0.563989,-3.72095,0.0158647,0.928474,0.360596,-0.0133717,0.350065,0.344661,-3,0,1.23724,1.17964,0,-0.0444197,0.0219367,-0.0112993,0.730705,-0.031854,0.0174436,-0.0151032,0,0,0,0
SIM,nr,F8_CONTRACTION,NormSpd,Not Short,NoSpin,1.2,29.1895,19.1801,20.3801,0.000203136,-0.937834,-0.511506,-3.72295,0.016258,0.975542,0.462024,-0.0130274,0.47306,0.459637,-3,0,1.22098,1.11603,0,-0.0617837,0.023696,-0.0125035,0.730505,-0.0432874,0.0189652,-0.0153438,0,0,0,0
SIM,nr,F8_CONTRACTION,NormSpd,Not Short,NoSpin,1.2,29.2893,19.28,20.48,6.6192e-05,-0.847461,-0.450969,-3.72512,0.0164274,1.02001,0.556324,-0.0129287,0.594089,0.567274,-3,0,1.19992,1.03488,0,-0.0714648,0.0263885,-0.0136472,0.730211,-0.056464,0.0233602,-0.0155217,0,0,0,0
SIM,nr,F8_CONTRACTION,NormSpd,Not Short,NoSpin,1.2,29.3893,19.38,20.58,6.9188e-05,-0.753805,-0.383313,-3.72715,0.0164429,1.06042,0.642266,-0.0129154,0.712824,0.666012,-3,0,1.17411,0.937377,0,-0.0836812,0.031547,-0.015334,0.729938,-0.0684061,0.0268766,-0.0153682,0,0,0,0
SIM,nr,F8_CONTRACTION,NormSpd,Not Short,NoSpin,1.2,29.4894,19.48,20.68,5.1589e-05,-0.649171,-0.302514,-3.72955,0.0164101,1.09951,0.724635,-0.0132959,0.828749,0.75425,-3,0,1.14367,0.825092,0,-0.0989012,0.0366334,-0.0154633,0.729645,-0.0806153,0.0301595,-0.014972,0,0,0,0
SIM,nr,F8_CONTRACTION,NormSpd,Not Short,NoSpin,1.2,29.5893,19.58,20.78,5.0103e-05,-0.541224,-0.215224,-3.73225,0.0162329,1.13395,0.794786,-0.0142042,0.941404,0.830594,-3,0,1.10872,0.699795,0,-0.110468,0.0378367,-0.0163186,0.729335,-0.093744,0.0353749,-0.0143404,0,0,0,0
SIM,nr,F8_CONTRACTION,NormSpd,Not Short,NoSpin,1.2,29.6893,19.68,20.88,5.125e-05,-0.439004,-0.130377,-3.73456,0.0159762,1.16142,0.847386,-0.0148199,1.05036,0.893847,-3,0,1.06939,0.56344,0,-0.121523,0.0434635,-0.0155463,0.729096,-0.103815,0.0384849,-0.0134943,0,0,0,0
SIM,nr,F8_CONTRACTION,NormSpd,Not Short,NoSpin,1.2,29.7893,19.78,20.98,5.1396e-05,-0.326375,-0.0354223,-3.7363,0.0155782,1.18588,0.889822,-0.015491,1.15514,0.942989,-3,0,1.02584,0.418239,0,-0.129758,0.046041,-0.0144169,0.728978,-0.111725,0.0401562,-0.0124746,0,0,0,0
SIM,nr,F8_CONTRACTION,NormSpd,Not Short,NoSpin,1.2,29.8893,19.88,21.08,3.4587e-05,-0.220508,0.0541161,-3.73763,0.0150606,1.20408,0.915714,-0.0162616,1.25539,0.977269,-3,0,0.978243,0.266411,0,-0.135596,0.0455207,-0.0146828,0.728968,-0.117968,0.0412447,-0.0114118,0,0,0,0
SIM,nr,F8_CONTRACTION,NormSpd,Not Short,NoSpin,1.2,29.9893,19.98,21.18,5.312e-05,-0.10488,0.151594,-3.73914,0.0143963,1.21855,0.928417,-0.0175451,1.35068,0.996135,-3,0,0.926779,0.110377,0,-0.140979,0.0491131,-0.0147404,0.729019,-0.123445,0.0437273,-0.0100363,0,0,0,0
SIM,nr,F8_CONTRACTION,NormSpd,Not Short,NoSpin,1.2,30.0893,20.08,21.28,5.5111e-05,0.00253778,0.240226,-3.74082,0.0137438,1.22716,0.925486,-0.0188152,1.44063,0.999289,-3,0,0.871663,-0.0473846,0,-0.145666,0.0499797,-0.0128447,0.729133,-0.126563,0.0457428,-0.00864077,0,0,0,0
SIM,nr,F8_CONTRACTION,NormSpd,Not Short,NoSpin,1.2,30.1893,20.18,21.38,3.5645e-05,0.120216,0.333176,-3.74298,0.0128972,1.23152,0.906278,-0.0207371,1.52488,0.986687,-3,0,0.813117,-0.20437,0,-0.141716,0.0517279,-0.0125701,0.729271,-0.127069,0.0482783,-0.00705893,0,0,0,0
SIM,nr,F8_CONTRACTION,NormSpd,Not Short,NoSpin,1.2,30.2894,20.28,21.48,7.4185e-05,0.230412,0.414484,-3.74552,0.0119568,1.23176,0.873746,-0.0225554,1.60316,0.95851,-3,0,0.751329,-0.358214,0,-0.139822,0.0526335,-0.00994973,0.729428,-0.125564,0.0506372,-0.0054124,0,0,0,0
SIM,nr,F8_CONTRACTION,NormSpd,Not Short,NoSpin,1.2,30.3893,20.38,21.58,4.4158e-05,0.350902,0.496525,-3.74897,0.010799,1.22778,0.823487,-0.0249119,1.67507,0.915233,-3,0,0.686608,-0.506331,0,-0.134324,0.0564096,-0.00918859,0.729557,-0.12106,0.0552145,-0.00336784,0,0,0,0
SIM,nr,F8_CONTRACTION,NormSpd,Not Short,NoSpin,1.2,30.4894,20.48,21.68,7.3053e-05,0.462234,0.565345,-3.75255,0.00961113,1.21927,0.763633,-0.0269851,1.74038,0.857516,-3,0,0.619168,-0.646487,0,-0.126805,0.060698,-0.0080015,0.729683,-0.114616,0.0585796,-0.00140024,0,0,0,0
SIM,nr,F8_CONTRACTION,NormSpd,Not Short,NoSpin,1.2,30.5894,20.58,21.78,9.4301e-05,0.582007,0.630294,-3.75627,0.00829202,1.20423,0.684709,-0.028225,1.79882,0.786275,-3,0,0.549284,-0.776446,0,-0.114226,0.063841,-0.0060282,0.729841,-0.105185,0.0610391,0.000456387,0,0,0,0
SIM,nr,F8_CONTRACTION,NormSpd,Not Short,NoSpin,1.2,30.6894,20.68,21.88,9.5921e-05,0.691321,0.680841,-3.75944,0.00707884,1.18484,0.600375,-0.0287322,1.85016,0.702634,-3,0,0.477231,-0.894162,0,-0.101962,0.0648127,-0.00396499,0.73005,-0.0941715,0.0624267,0.00202823,0,0,0,0
SIM,nr,F8_CONTRACTION,NormSpd,Not Short,NoSpin,1.2,30.7894,20.78,21.98,9.7879e-05,0.807543,0.723969,-3.76346,0.00576718,1.15734,0.498029,-0.0290301,1.89421,0.607903,-3,0,0.403289,-0.997784,0,-0.0856443,0.0652796,-0.00285749,0.730221,-0.0821533,0.062686,0.00330903,0,0,0,0
SIM,nr,F8_CONTRACTION,NormSpd,Not Short,NoSpin,1.2,30.8894,20.88,22.08,0.000133086,0.911904,0.752605,-3.76775,0.00466344,1.12576,0.395348,-0.0290165,1.93077,0.503591,-3,0,0.32776,-1.08566,0,-0.0686176,0.0662474,-6.455e-05,0.730308,-0.0662737,0.0621155,0.00423371,0,0,0,0
SIM,nr,F8_CONTRACTION,NormSpd,Not Short,NoSpin,1.2,30.9894,20.98,22.18,0.000147958,1.02006,0.771229,-3.77273,0.00356917,1.08416,0.277535,-0.028368,1.95972,0.391343,-3,0,0.250943,-1.15641,0,-0.0506408,0.0630554,0.00169398,0.730343,-0.0511459,0.0591887,0.0046444,0,0,0,0
SIM,nr,F8_CONTRACTION,NormSpd,Not Short,NoSpin,1.2,31.0896,21.0801,22.2801,0.000186496,1.11471,0.776272,-3.77688,0.00266475,1.03914,0.164194,-0.0269363,1.98094,0.272808,-3,0,0.173059,-1.20897,0,-0.0339812,0.0582936,0.00355629,0.730394,-0.0390486,0.0541381,0.00461655,0,0,0,0
SIM,nr,F8_CONTRACTION,NormSpd,Not Short,NoSpin,1.2,31.1896,21.1801,22.3801,0.000232151,1.20415,0.769977,-3.78007,0.00182927,0.988285,0.0484646,-0.0245422,1.99433,0.150103,-3,0,0.094581,-1.2424,0,-0.0202968,0.0516713,0.00296864,0.730502,-0.0267405,0.0481734,0.00434891,0,0,0,0
SIM,nr,F8_CONTRACTION,NormSpd,Not Short,NoSpin,1.2,31.2896,21.2801,22.4801,0.00023613,1.28833,0.752864,-3.78223,0.0011149,0.932859,-0.0678265,-0.0221761,1.99984,0.0250033,-3,0,0.0157113,-1.25624,0,-0.00163091,0.0442203,0.00454189,0.730564,-0.00870628,0.0423092,0.00390302,0,0,0,0
SIM,nr,F8_CONTRACTION,NormSpd,Not Short,NoSpin,1.2,31.3898,21.3802,22.5802,0.000305298,1.37362,0.72191,-3.78349,0.000381958,0.868721,-0.192875,-0.0188859,1.99746,-0.100561,-3,0,-0.0632644,-1.25027,0,0.0160199,0.0375815,0.00364044,0.730521,0.00677916,0.0370964,0.00352897,0,0,0,0
SIM,nr,F8_CONTRACTION,NormSpd,Not Short,NoSpin,1.2,31.4896,21.4801,22.6801,0.000239454,1.44674,0.68245,-3.78435,-0.000260493,0.806516,-0.304953,-0.0157473,1.98721,-0.224359,-3,0,-0.141876,-1.2246,0,0.0379128,0.0321283,0.00395507,0.730472,0.0252411,0.0324258,0.00320279,0,0,0,0
SIM,nr,F8_CONTRACTION,NormSpd,Not Short,NoSpin,1.2,31.5896,21.5801,22.7801,0.000231962,1.50829,0.637468,-3.78505,-0.00078837,0.746859,-0.403634,-0.0131053,1.96911,-0.344739,-3,0,-0.220004,-1.1796,0,0.0520534,0.0288222,0.00447118,0.730414,0.039813,0.0285245,0.00298813,0,0,0,0
SIM,nr,F8_CONTRACTION,NormSpd,Not Short,NoSpin,1.2,31.6895,21.68,22.88,0.000196464,1.57432,0.574031,-3.78546,-0.00141409,0.67423,-0.513767,-0.0102403,1.94325,-0.459632,-3,0,-0.297229,-1.11603,0,0.066103,0.0241591,0.00382838,0.730363,0.0524815,0.0257209,0.0029279,0,0,0,0
SIM,nr,F8_CONTRACTION,NormSpd,Not Short,NoSpin,1.2,31.7896,21.7801,22.9801,0.000247186,1.62867,0.507016,-3.78538,-0.00194695,0.605488,-0.607247,-0.00786235,1.9097,-0.567346,-3,0,-0.37333,-1.03481,0,0.080744,0.0211955,0.0049443,0.730307,0.0656248,0.0232691,0.00289292,0,0,0,0
SIM,nr,F8_CONTRACTION,NormSpd,Not Short,NoSpin,1.2,31.8895,21.8801,23.0801,0.000197271,1.68037,0.426382,-3.78525,-0.00252193,0.529453,-0.698269,-0.00582239,1.86863,-0.666066,-3,0,-0.447923,-0.937316,0,0.0935865,0.0181392,0.00521052,0.730239,0.077983,0.021249,0.00293045,0,0,0,0
SIM,nr,F8_CONTRACTION,NormSpd,Not Short,NoSpin,1.2,31.9896,21.9801,23.1801,0.000236779,1.72157,0.345369,-3.78501,-0.00299656,0.4588,-0.771795,-0.00440785,1.82018,-0.754307,-3,0,-0.520768,-0.82501,0,0.106448,0.0157211,0.00397037,0.730172,0.0905024,0.0197084,0.00298149,0,0,0,0
SIM,nr,F8_CONTRACTION,NormSpd,Not Short,NoSpin,1.2,32.0895,22.08,23.28,0.000218242,1.75948,0.252118,-3.78511,-0.00345097,0.382531,-0.838382,-0.00382954,1.76455,-0.830629,-3,0,-0.591537,-0.699728,0,0.119348,0.014733,0.00312637,0.730092,0.101537,0.0189892,0.00304599,0,0,0,0
SIM,nr,F8_CONTRACTION,NormSpd,Not Short,NoSpin,1.2,32.1894,22.18,23.38,0.000118054,1.7886,0.162266,-3.78582,-0.00373375,0.312569,-0.886582,-0.00425043,1.70197,-0.893854,-3,0,-0.659969,-0.563423,0,0.130817,0.015242,0.00282342,0.729982,0.109861,0.0194869,0.00300902,0,0,0,0
SIM,nr,F8_CONTRACTION,NormSpd,Not Short,NoSpin,1.2,32.2893,22.28,23.48,7.1015e-05,1.81378,0.0622679,-3.78665,-0.00396109,0.237053,-0.923953,-0.00462236,1.63267,-0.942993,-3,0,-0.725803,-0.418225,0,0.135625,0.0151331,0.00305455,0.729906,0.116491,0.0204402,0.00288921,0,0,0,0
SIM,nr,F8_CONTRACTION,NormSpd,Not Short,NoSpin,1.2,32.3893,22.38,23.58,5.5642e-05,1.83106,-0.0309908,-3.78725,-0.00416782,0.167746,-0.944012,-0.00532005,1.55692,-0.97727,-3,0,-0.788784,-0.266406,0,0.139119,0.0154428,0.00187756,0.729887,0.121295,0.0216857,0.00267498,0,0,0,0
SIM,nr,F8_CONTRACTION,NormSpd,Not Short,NoSpin,1.2,32.4893,22.48,23.68,5.4971e-05,1.84415,-0.131635,-3.78774,-0.00429325,0.0935986,-0.950015,-0.00610947,1.47502,-0.996134,-3,0,-0.84865,-0.110392,0,0.144355,0.0164271,0.00321456,0.729954,0.123966,0.0233522,0.00240542,0,0,0,0
SIM,nr,F8_CONTRACTION,NormSpd,Not Short,NoSpin,1.2,32.5893,22.58,23.78,3.4961e-05,1.85059,-0.223218,-3.78811,-0.00431586,0.0254049,-0.941312,-0.00690293,1.38731,-0.99929,-3,0,-0.905165,0.0473568,0,0.143855,0.0188359,0.00240862,0.730096,0.124493,0.0257902,0.00192083,0,0,0,0
SIM,nr,F8_CONTRACTION,NormSpd,Not Short,NoSpin,1.2,32.6893,22.68,23.88,5.444e-05,1.85077,-0.318541,-3.78834,-0.0043098,-0.0489538,-0.915466,-0.00791201,1.29411,-0.986685,-3,0,-0.958116,0.204384,0,0.138148,0.0199799,0.00288508,0.730302,0.123346,0.0282162,0.00136705,0,0,0,0
SIM,nr,F8_CONTRACTION,NormSpd,Not Short,NoSpin,1.2,32.7893,22.78,23.98,3.5313e-05,1.84407,-0.401727,-3.78902,-0.00432036,-0.118863,-0.877728,-0.00900156,1.19581,-0.958523,-3,0,-1.00728,0.35816,0,0.134527,0.0188301,0.00254105,0.730494,0.120396,0.027665,0.00109868,0,0,0,0
SIM,nr,F8_CONTRACTION,NormSpd,Not Short,NoSpin,1.2,32.8893,22.88,24.08,5.6573e-05,1.83068,-0.479009,-3.78969,-0.00434606,-0.189619,-0.826715,-0.00981362,1.09278,-0.915236,-3,0,-1.05247,0.506323,0,0.130422,0.0180492,0.00260898,0.730695,0.115513,0.0260287,0.000994797,0,0,0,0
SIM,nr,F8_CONTRACTION,NormSpd,Not Short,NoSpin,1.2,32.9893,22.98,24.18,5.6899e-05,1.80836,-0.555104,-3.79091,-0.00442847,-0.267419,-0.758164,-0.0105594,0.985448,-0.857522,-3,0,-1.09351,0.646473,0,0.121595,0.0146836,0.00179914,0.730854,0.107568,0.0210335,0.00142943,0,0,0,0
SIM,nr,F8_CONTRACTION,NormSpd,Not Short,NoSpin,1.2,33.0894,23.08,24.28,6.9814e-05,1.77789,-0.622466,-3.79267,-0.00450744,-0.345763,-0.676974,-0.0109176,0.87422,-0.78628,-3,0,-1.13023,0.776438,0,0.109772,0.00882784,0.00110057,0.730996,0.0999317,0.0169964,0.00184053,0,0,0,0
SIM,nr,F8_CONTRACTION,NormSpd,Not Short,NoSpin,1.2,33.1893,23.18,24.38,5.6986e-05,1.74234,-0.675742,-3.79455,-0.00456155,-0.418181,-0.591997,-0.0102883,0.759551,-0.702644,-3,0,-1.16249,0.894149,0,0.0986329,0.00715965,0.00256288,0.731098,0.0903847,0.0108543,0.0026234,0,0,0,0
SIM,nr,F8_CONTRACTION,NormSpd,Not Short,NoSpin,1.2,33.2894,23.28,24.48,7.8345e-05,1.69494,-0.721938,-3.79624,-0.00467144,-0.497116,-0.489272,-0.00916145,0.641863,-0.60791,-3,0,-1.19016,0.997777,0,0.0847485,-0.00234669,0.00177495,0.731232,0.0811684,0.00579388,0.00333119,0,0,0,0
SIM,nr,F8_CONTRACTION,NormSpd,Not Short,NoSpin,1.2,33.3894,23.38,24.58,8.0005e-05,1.6437,-0.753234,-3.79736,-0.00489574,-0.569217,-0.386289,-0.00724943,0.521671,-0.503613,-3,0,-1.21314,1.08565,0,0.0705975,-0.00884151,0.00253901,0.731269,0.0658439,-0.00375107,0.00480319,0,0,0,0
SIM,nr,F8_CONTRACTION,NormSpd,Not Short,NoSpin,1.2,33.4893,23.48,24.68,4.9011e-05,1.58039,-0.774472,-3.79817,-0.00517029,-0.645403,-0.267498,-0.00528868,0.399403,-0.391357,-3,0,-1.23132,1.15641,0,0.0541707,-0.0173782,0.00189538,0.731331,0.0511922,-0.010148,0.00587807,0,0,0,0
SIM,nr,F8_CONTRACTION,NormSpd,Not Short,NoSpin,1.2,33.5894,23.58,24.78,0.00010723,1.51529,-0.782232,-3.79847,-0.00539987,-0.713012,-0.153249,-0.00320009,0.275538,-0.272911,-3,0,-1.24465,1.20893,0,0.0375736,-0.0239394,0.00306774,0.731297,0.034925,-0.0163247,0.00682152,0,0,0,0
SIM,nr,F8_CONTRACTION,NormSpd,Not Short,NoSpin,1.2,33.6894,23.68,24.88,0.000103116,1.43758,-0.777908,-3.79815,-0.00554713,-0.78289,-0.0270344,-0.000730344,0.150628,-0.1502,-3,0,-1.25307,1.24238,0,0.0167195,-0.0320035,0.00468175,0.731268,0.0184673,-0.0217997,0.00753102,0,0,0,0
SIM,nr,F8_CONTRACTION,NormSpd,Not Short,NoSpin,1.2,33.7895,23.7801,24.9801,0.00014099,1.3596,-0.762268,-3.79735,-0.00561434,-0.843418,0.0898585,0.00149857,0.0250563,-0.0250543,-3,0,-1.25654,1.25624,0,-0.00234798,-0.0367277,0.00529619,0.73126,0.00495011,-0.0238529,0.00766643,0,0,0,0
SIM,nr,F8_CONTRACTION,NormSpd,Not Short,NoSpin,1.2,33.8895,23.88,25.08,0.000142935,1.26877,-0.733462,-3.79661,-0.00547699,-0.904736,0.214982,0.00331928,-0.100549,0.100422,-3,0,-1.25505,1.25028,0,-0.0164294,-0.036508,0.00649187,0.73123,-0.0073604,-0.0250722,0.00755989,0,0,0,0
SIM,nr,F8_CONTRACTION,NormSpd,Not Short,NoSpin,1.2,33.9894,23.98,25.18,0.00012496,1.18679,-0.699626,-3.79637,-0.00525051,-0.953544,0.31776,0.00475755,-0.225761,0.224318,-3,0,-1.24861,1.22461,0,-0.0327049,-0.040926,0.00753051,0.731046,-0.0227875,-0.0293804,0.00749211,0,0,0,0
SIM,nr,F8_CONTRACTION,NormSpd,Not Short,NoSpin,1.2,34.0895,24.0801,25.2801,0.000116185,1.08435,-0.649266,-3.79638,-0.00485028,-1.00694,0.434191,0.00580713,-0.350186,0.344776,-3,0,-1.23722,1.17959,0,-0.0470394,-0.0425565,0.0069493,0.730836,-0.0351075,-0.0315501,0.00704671,0,0,0,0
SIM,nr,F8_CONTRACTION,NormSpd,Not Short,NoSpin,1.2,34.1896,24.1801,25.3801,0.000226685,0.985127,-0.593673,-3.79636,-0.00438261,-1.05145,0.534869,0.00622224,-0.473092,0.459666,-3,0,-1.22097,1.11601,0,-0.0613986,-0.0471639,0.00810359,0.730497,-0.0502645,-0.0361067,0.00650967,0,0,0,0
SIM,nr,F8_CONTRACTION,NormSpd,Not Short,NoSpin,1.2,34.2896,24.2801,25.4801,0.000247442,0.873209,-0.524479,-3.79623,-0.00380625,-1.09465,0.635168,0.00674772,-0.594204,0.567373,-3,0,-1.19989,1.03479,0,-0.078308,-0.0499673,0.00774775,0.730159,-0.0642604,-0.0398821,0.00570988,0,0,0,0
SIM,nr,F8_CONTRACTION,NormSpd,Not Short,NoSpin,1.2,34.3896,24.3801,25.5801,0.000225919,0.766909,-0.453525,-3.79609,-0.0032505,-1.12886,0.718142,0.00710668,-0.712909,0.66608,-3,0,-1.17409,0.937301,0,-0.0925484,-0.0526756,0.00715379,0.729855,-0.0772675,-0.0432225,0.00466795,0,0,0,0
SIM,nr,F8_CONTRACTION,NormSpd,Not Short,NoSpin,1.2,34.4894,24.48,25.68,0.000113182,0.667954,-0.383294,-3.79598,-0.0027572,-1.15491,0.784857,0.00684643,-0.828807,0.754292,-3,0,-1.14366,0.825032,0,-0.103345,-0.0544454,0.00496673,0.729577,-0.0860483,-0.042306,0.00352965,0,0,0,0
SIM,nr,F8_CONTRACTION,NormSpd,Not Short,NoSpin,1.2,34.5895,24.58,25.78,0.000184462,0.549491,-0.294825,-3.79583,-0.00219426,-1.17931,0.851964,0.00633068,-0.941463,0.830631,-3,0,-1.1087,0.699725,0,-0.110816,-0.050977,0.00470307,0.729321,-0.0948184,-0.0404114,0.00235479,0,0,0,0
SIM,nr,F8_CONTRACTION,NormSpd,Not Short,NoSpin,1.2,34.6895,24.6801,25.8801,0.00018339,0.439502,-0.208967,-3.79588,-0.00175993,-1.19594,0.901718,0.00553725,-1.05043,0.893883,-3,0,-1.06936,0.56335,0,-0.119918,-0.0474829,0.0046493,0.729099,-0.10234,-0.0370503,0.00137373,0,0,0,0
SIM,nr,F8_CONTRACTION,NormSpd,Not Short,NoSpin,1.2,34.7895,24.7801,25.9801,0.000182771,0.320361,-0.112559,-3.79599,-0.00133142,-1.20802,0.941778,0.00428322,-1.15521,0.943018,-3,0,-1.02581,0.418137,0,-0.124407,-0.0424348,0.00371906,0.72891,-0.110914,-0.0358015,0.00036292,0,0,0,0
SIM,nr,F8_CONTRACTION,NormSpd,Not Short,NoSpin,1.2,34.8895,24.8801,26.0801,0.000184934,0.21091,-0.0213578,-3.79617,-0.00108501,-1.21344,0.966148,0.00350856,-1.25543,0.977282,-3,0,-0.978219,0.266336,0,-0.130561,-0.0407588,0.00274993,0.728799,-0.119241,-0.0340024,-0.000448604,0,0,0,0
SIM,nr,F8_CONTRACTION,NormSpd,Not Short,NoSpin,1.2,34.9895,24.9801,26.1801,0.000184156,0.0936152,0.0783547,-3.79649,-0.000961174,-1.21353,0.978641,0.0021982,-1.35072,0.996141,-3,0,-0.926752,0.110297,0,-0.138057,-0.0391767,0.00113891,0.728774,-0.126754,-0.0316032,-0.0010791,0,0,0,0
SIM,nr,F8_CONTRACTION,NormSpd,Not Short,NoSpin,1.2,35.0896,25.0801,26.2801,0.000212254,-0.0130127,0.169302,-3.79719,-0.000954744,-1.20903,0.975704,0.000792209,-1.4407,0.999285,-3,0,-0.87162,-0.0475023,0,-0.144082,-0.0377044,0.00053495,0.728794,-0.131773,-0.0285874,-0.00140866,0,0,0,0
SIM,nr,F8_CONTRACTION,NormSpd,Not Short,NoSpin,1.2,35.1894,25.18,26.38,0.000132582,-0.126717,0.265352,-3.7983,-0.00103936,-1.19942,0.956818,-0.000714093,-1.52491,0.986681,-3,0,-0.8131,-0.204415,0,-0.146786,-0.0340051,-8.99738e-05,0.728847,-0.133627,-0.026022,-0.0016005,0,0,0,0
SIM,nr,F8_CONTRACTION,NormSpd,Not Short,NoSpin,1.2,35.2895,25.28,26.48,0.000172842,-0.229215,0.350245,-3.79971,-0.00120725,-1.18658,0.924821,-0.00217568,-1.60316,0.958508,-3,0,-0.751326,-0.358222,0,-0.146409,-0.0293281,-0.000771283,0.728929,-0.132218,-0.0233611,-0.00154271,0,0,0,0
SIM,nr,F8_CONTRACTION,NormSpd,Not Short,NoSpin,1.2,35.3894,25.3801,26.5801,0.000107293,-0.338115,0.436398,-3.80091,-0.00143748,-1.16955,0.874172,-0.00325905,-1.67509,0.915214,-3,0,-0.686584,-0.506385,0,-0.140917,-0.0244417,-0.00196675,0.729082,-0.129255,-0.0204803,-0.00129462,0,0,0,0
SIM,nr,F8_CONTRACTION,NormSpd,Not Short,NoSpin,1.2,35.4895,25.4801,26.6801,0.000123235,-0.429182,0.503275,-3.80179,-0.00164343,-1.15346,0.818977,-0.00408447,-1.7404,0.85749,-3,0,-0.619141,-0.64654,0,-0.13538,-0.0216696,-0.000905495,0.729277,-0.123595,-0.0202023,-0.00128626,0,0,0,0
SIM,nr,F8_CONTRACTION,NormSpd,Not Short,NoSpin,1.2,35.5895,25.5801,26.7801,0.000174642,-0.535614,0.573979,-3.80325,-0.00183785,-1.13317,0.740064,-0.00461483,-1.79885,0.786237,-3,0,-0.549248,-0.776508,0,-0.125619,-0.0221775,-0.000972771,0.729491,-0.115569,-0.0225838,-0.00158695,0,0,0,0
SIM,nr,F8_CONTRACTION,NormSpd,Not Short,NoSpin,1.2,35.6895,25.6801,26.8801,0.000124836,-0.632694,0.630605,-3.80449,-0.00202832,-1.11285,0.655118,-0.00445677,-1.85019,0.702588,-3,0,-0.477194,-0.894219,0,-0.113615,-0.0245685,-0.00216838,0.729688,-0.103296,-0.0285109,-0.00236998,0,0,0,0
SIM,nr,F8_CONTRACTION,NormSpd,Not Short,NoSpin,1.2,35.7894,25.78,26.98,0.000106694,-0.735755,0.681795,-3.80515,-0.00220369,-1.08838,0.552667,-0.00354607,-1.89421,0.607898,-3,0,-0.403285,-0.997789,0,-0.0979875,-0.0335217,-0.0013277,0.729945,-0.091298,-0.0337396,-0.00305964,0,0,0,0
SIM,nr,F8_CONTRACTION,NormSpd,Not Short,NoSpin,1.2,35.8894,25.88,27.08,6.7826e-05,-0.828118,0.718692,-3.80491,-0.00236564,-1.0623,0.449193,-0.00193418,-1.93077,0.503604,-3,0,-0.327769,-1.08565,0,-0.0799483,-0.0365632,-0.00105165,0.730242,-0.0774288,-0.0381769,-0.00360057,0,0,0,0
SIM,nr,F8_CONTRACTION,NormSpd,Not Short,NoSpin,1.2,35.9893,25.98,27.18,5.3261e-05,-0.917731,0.744575,-3.80377,-0.00259177,-1.03298,0.338851,-0.0001949,-1.95971,0.391355,-3,0,-0.25095,-1.15641,0,-0.0640032,-0.0376396,-0.0023016,0.730585,-0.0623999,-0.0416767,-0.00386132,0,0,0,0
SIM,nr,F8_CONTRACTION,NormSpd,Not Short,NoSpin,1.2,36.0894,26.08,27.28,5.4694e-05,-1.0117,0.760041,-3.80192,-0.00285461,-0.997467,0.213724,0.00161109,-1.98093,0.272913,-3,0,-0.173127,-1.20893,0,-0.0461856,-0.0411709,-0.000851505,0.730898,-0.0466289,-0.0448024,-0.00392918,0,0,0,0
SIM,nr,F8_CONTRACTION,NormSpd,Not Short,NoSpin,1.2,36.1894,26.18,27.38,5.5823e-05,-1.10258,0.762765,-3.79955,-0.00320309,-0.957961,0.0851636,0.00367405,-1.99432,0.150192,-3,0,-0.0946371,-1.24238,0,-0.0247859,-0.0446049,-0.00382169,0.73117,-0.0292321,-0.0476281,-0.00376963,0,0,0,0
SIM,nr,F8_CONTRACTION,NormSpd,Not Short,NoSpin,1.2,36.2894,26.28,27.48,7.1045e-05,-1.18367,0.753901,-3.79729,-0.00352455,-0.918547,-0.0342865,0.00537014,-1.99984,0.0251029,-3,0,-0.0157738,-1.25624,0,-0.00609074,-0.0458084,-0.00303942,0.731392,-0.0109648,-0.0504621,-0.00340311,0,0,0,0
SIM,nr,F8_CONTRACTION,NormSpd,Not Short,NoSpin,1.2,36.3894,26.38,27.58,7.2598e-05,-1.26713,0.73168,-3.79462,-0.0038315,-0.871471,-0.163177,0.00709401,-1.99747,-0.100385,-3,0,0.0631536,-1.25029,0,0.0145438,-0.0491994,-0.00309714,0.731584,0.00429849,-0.0524071,-0.00292062,0,0,0,0
SIM,nr,F8_CONTRACTION,NormSpd,Not Short,NoSpin,1.2,36.4893,26.48,27.68,4.4415e-05,-1.33935,0.699246,-3.7919,-0.00413816,-0.823669,-0.280008,0.00837313,-1.98722,-0.224273,-3,0,0.141821,-1.22463,0,0.0321745,-0.0494303,-0.00375113,0.731687,0.0219158,-0.0526425,-0.00203502,0,0,0,0
SIM,nr,F8_CONTRACTION,NormSpd,Not Short,NoSpin,1.2,36.5894,26.58,27.78,9.783e-05,-1.40648,0.656199,-3.78947,-0.00439788,-0.771512,-0.392879,0.00888995,-1.96912,-0.344682,-3,0,0.219966,-1.17963,0,0.0506025,-0.0478922,-0.00276641,0.731727,0.0375539,-0.0517944,-0.00103267,0,0,0,0
SIM,nr,F8_CONTRACTION,NormSpd,Not Short,NoSpin,1.2,36.6894,26.68,27.88,9.6463e-05,-1.47297,0.598702,-3.78751,-0.00462459,-0.710175,-0.507984,0.0087945,-1.94326,-0.45961,-3,0,0.297214,-1.11605,0,0.0664678,-0.0461742,-0.0021744,0.731631,0.0538763,-0.0494934,0.000140216,0,0,0,0
SIM,nr,F8_CONTRACTION,NormSpd,Not Short,NoSpin,1.2,36.7894,26.78,27.98,8.815e-05,-1.53293,0.531024,-3.78597,-0.00476988,-0.64457,-0.613716,0.00808137,-1.90972,-0.5673,-3,0,0.373296,-1.03485,0,0.085784,-0.0403766,-0.0020753,0.731457,0.0678875,-0.0468256,0.00118746,0,0,0,0
SIM,nr,F8_CONTRACTION,NormSpd,Not Short,NoSpin,1.2,36.8894,26.88,28.08,0.000132135,-1.58232,0.460477,-3.78449,-0.0048805,-0.580877,-0.70176,0.00734287,-1.86864,-0.666043,-3,0,0.447905,-0.937343,0,0.0976414,-0.0375777,-0.000711261,0.731252,0.0819564,-0.0435874,0.00222771,0,0,0,0
SIM,nr,F8_CONTRACTION,NormSpd,Not Short,NoSpin,1.2,36.9894,26.98,28.18,8.8817e-05,-1.62204,0.389693,-3.78297,-0.0048959,-0.519807,-0.773332,0.00710334,-1.8202,-0.754262,-3,0,0.520729,-0.825074,0,0.110019,-0.0356728,8.61655e-06,0.731133,0.0917027,-0.0414413,0.00298665,0,0,0,0
SIM,nr,F8_CONTRACTION,NormSpd,Not Short,NoSpin,1.2,37.0895,27.08,28.28,0.000216911,-1.66203,0.299532,-3.78127,-0.00480761,-0.444606,-0.845933,0.00582453,-1.76455,-0.83063,-3,0,0.591538,-0.699727,0,0.118283,-0.0315992,0.000971002,0.731012,0.103062,-0.0377477,0.00369687,0,0,0,0
SIM,nr,F8_CONTRACTION,NormSpd,Not Short,NoSpin,1.2,37.1896,27.1801,28.3801,0.000234127,-1.69177,0.211412,-3.77977,-0.00468413,-0.372731,-0.90043,0.00469279,-1.70194,-0.893887,-3,0,0.660008,-0.563342,0,0.127315,-0.0289066,0.00256402,0.730924,0.112187,-0.0347626,0.00422306,0,0,0,0
SIM,nr,F8_CONTRACTION,NormSpd,Not Short,NoSpin,1.2,37.2896,27.2801,28.4801,0.000233438,-1.71622,0.11253,-3.77832,-0.00442978,-0.292425,-0.944581,0.0031893,-1.63264,-0.943014,-3,0,0.725836,-0.418149,0,0.135004,-0.0237295,0.00337657,0.730863,0.122065,-0.0294803,0.00455521,0,0,0,0
SIM,nr,F8_CONTRACTION,NormSpd,Not Short,NoSpin,1.2,37.3896,27.3801,28.5801,0.000219409,-1.73186,0.0201099,-3.77695,-0.0040937,-0.216854,-0.970583,0.0012877,-1.55688,-0.977282,-3,0,0.788813,-0.266334,0,0.143287,-0.0184925,0.00243213,0.730843,0.129408,-0.0248549,0.00462193,0,0,0,0
SIM,nr,F8_CONTRACTION,NormSpd,Not Short,NoSpin,1.2,37.4895,27.4801,28.6801,0.000189469,-1.74014,-0.079401,-3.77578,-0.00350102,-0.133205,-0.981699,-0.000941046,-1.47497,-0.996141,-3,0,0.848689,-0.110287,0,0.150449,-0.011136,0.00404715,0.730858,0.133141,-0.0210787,0.00442794,0,0,0,0
SIM,nr,F8_CONTRACTION,NormSpd,Not Short,NoSpin,1.2,37.5895,27.5801,28.7801,0.000125404,-1.74013,-0.169138,-3.77564,-0.00268586,-0.0553539,-0.975358,-0.00322153,-1.38725,-0.999287,-3,0,0.9052,0.0474588,0,0.147098,-0.00955239,0.00397623,0.730868,0.133423,-0.0165492,0.00374998,0,0,0,0
SIM,nr,F8_CONTRACTION,NormSpd,Not Short,NoSpin,1.2,37.6896,27.6801,28.8801,0.000214911,-1.73316,-0.255437,-3.77648,-0.00174704,0.0222552,-0.953573,-0.00599801,-1.29402,-0.986667,-3,0,0.958162,0.204524,0,0.145948,-0.00238585,0.00388277,0.730822,0.131296,-0.0123238,0.00281372,0,0,0,0
SIM,nr,F8_CONTRACTION,NormSpd,Not Short,NoSpin,1.2,37.7895,27.7801,28.9801,0.00012422,-1.71974,-0.336927,-3.7782,-0.000720539,0.0986408,-0.917243,-0.00851289,-1.19575,-0.958502,-3,0,1.00731,0.358251,0,0.139699,-0.00145643,0.00392164,0.730741,0.126894,-0.00911872,0.0017267,0,0,0,0
SIM,nr,F8_CONTRACTION,NormSpd,Not Short,NoSpin,1.2,37.8894,27.88,29.08,0.000116876,-1.69811,-0.418615,-3.78041,0.000429657,0.179802,-0.862159,-0.0107317,-1.09274,-0.915217,-3,0,1.05249,0.506375,0,0.1331,0.00122096,0.00369156,0.730654,0.12029,-0.00647789,0.000595669,0,0,0,0
SIM,nr,F8_CONTRACTION,NormSpd,Not Short,NoSpin,1.2,37.9896,27.9801,29.1801,0.000223713,-1.67149,-0.486862,-3.78245,0.00153664,0.25339,-0.797937,-0.0121984,-0.985362,-0.857472,-3,0,1.09354,0.646579,0,0.122473,0.00463918,0.00268712,0.730608,0.111305,-0.00391323,-0.000657412,0,0,0,0
SIM,nr,F8_CONTRACTION,NormSpd,Not Short,NoSpin,1.2,38.0896,28.0801,29.2801,0.000217879,-1.63601,-0.551756,-3.78437,0.00280833,0.330612,-0.715102,-0.0130648,-0.874131,-0.786219,-3,0,1.13026,0.776536,0,0.108351,0.006767,0.00292705,0.730595,0.101054,-0.00179641,-0.00191827,0,0,0,0
SIM,nr,F8_CONTRACTION,NormSpd,Not Short,NoSpin,1.2,38.1895,28.1801,29.3801,0.000204636,-1.59756,-0.60207,-3.78589,0.00398943,0.399323,-0.627982,-0.0126957,-0.75949,-0.702597,-3,0,1.1625,0.894207,0,0.0945591,0.00863186,0.000165906,0.730652,0.0896299,-0.000759397,-0.00314496,0,0,0,0
SIM,nr,F8_CONTRACTION,NormSpd,Not Short,NoSpin,1.2,38.2894,28.28,29.48,0.000116714,-1.54984,-0.645555,-3.78749,0.0052359,0.470893,-0.523881,-0.0119606,-0.641857,-0.607905,-3,0,1.19017,0.997782,0,0.0753803,0.0106211,-0.00066819,0.730726,0.0771514,9.99041e-05,-0.00427571,0,0,0,0
SIM,nr,F8_CONTRACTION,NormSpd,Not Short,NoSpin,1.2,38.3894,28.38,29.58,0.00011898,-1.50065,-0.675733,-3.78917,0.00632122,0.534127,-0.42177,-0.0109274,-0.521624,-0.50357,-3,0,1.21314,1.08568,0,0.0610234,0.007416,0.000385041,0.730777,0.0646224,0.000899929,-0.0054036,0,0,0,0
SIM,nr,F8_CONTRACTION,NormSpd,Not Short,NoSpin,1.2,38.4895,28.48,29.68,0.000184882,-1.45134,-0.694314,-3.791,0.00725105,0.589865,-0.323516,-0.00971241,-0.399369,-0.391326,-3,0,1.23133,1.15642,0,0.052016,0.00751095,-0.00270548,0.730872,0.0557122,-0.00175964,-0.00595705,0,0,0,0
SIM,nr,F8_CONTRACTION,NormSpd,Not Short,NoSpin,1.2,38.5895,28.5801,29.7801,0.000187679,-1.38734,-0.704955,-3.79354,0.00823119,0.653851,-0.203464,-0.00818782,-0.275502,-0.272875,-3,0,1.24466,1.20895,0,0.0376034,0.00589218,-0.0034336,0.730874,0.0438631,-0.00168528,-0.00680752,0,0,0,0
SIM,nr,F8_CONTRACTION,NormSpd,Not Short,NoSpin,1.2,38.6898,28.6801,29.8801,0.000407176,-1.32259,-0.704129,-3.79576,0.00902039,0.711448,-0.0904093,-0.00645951,-0.150566,-0.150139,-3,0,1.25307,1.24239,0,0.0233436,0.00633516,-0.00460331,0.730821,0.0323461,-0.000931227,-0.00758466,0,0,0,0
SIM,nr,F8_CONTRACTION,NormSpd,Not Short,NoSpin,1.2,38.7894,28.78,29.98,0.00013032,-1.24679,-0.691078,-3.79756,0.00978319,0.771924,0.0334634,-0.00435995,-0.0250802,-0.0250783,-3,0,1.25654,1.25624,0,0.00864662,0.00834298,-0.00550257,0.730697,0.017516,0.0028592,-0.00868621,0,0,0,0
SIM,nr,F8_CONTRACTION,NormSpd,Not Short,NoSpin,1.2,38.8894,28.88,30.08,0.000115813,-1.17176,-0.668446,-3.79863,0.0104684,0.825618,0.146968,-0.0022404,0.100531,0.100404,-3,0,1.25505,1.25029,0,-0.00820501,0.0107893,-0.00731072,0.730566,0.00232852,0.00723821,-0.00974708,0,0,0,0
SIM,nr,F8_CONTRACTION,NormSpd,Not Short,NoSpin,1.2,38.9903,28.9808,30.1808,0.000208797,-1.0852,-0.633202,-3.79957,0.0110739,0.881278,0.26667,0.000244294,0.226763,0.225301,-3,0,1.24853,1.22433,0,-0.0241235,0.0169019,-0.00817503,0.730443,-0.0107762,0.0106644,-0.0105389,0,0,0,0
SIM,nr,F8_CONTRACTION,NormSpd,Not Short,NoSpin,1.2,39.0895,29.0801,30.2801,0.000206693,-1.00076,-0.59058,-3.80007,0.0115794,0.929838,0.373594,0.00217972,0.35011,0.344704,-3,0,1.23723,1.17962,0,-0.0409511,0.0199404,-0.0100008,0.730233,-0.027445,0.017002,-0.0114114,0,0,0,0
SIM,nr,F8_CONTRACTION,NormSpd,Not Short,NoSpin,1.2,39.1895,29.1801,30.3801,0.000204797,-0.904133,-0.534044,-3.80025,0.0120254,0.979384,0.483431,0.00430643,0.473074,0.459649,-3,0,1.22098,1.11602,0,-0.0578961,0.025242,-0.00961143,0.730035,-0.0421726,0.021651,-0.0118942,0,0,0,0
SIM,nr,F8_CONTRACTION,NormSpd,Not Short,NoSpin,1.2,39.2895,29.28,30.48,0.000203752,-0.810916,-0.47262,-3.80023,0.0123624,1.02152,0.578149,0.005505,0.594141,0.567319,-3,0,1.19991,1.03484,0,-0.0726936,0.0312386,-0.0121123,0.729796,-0.0573549,0.0265732,-0.0121694,0,0,0,0
SIM,nr,F8_CONTRACTION,NormSpd,Not Short,NoSpin,1.2,39.3895,29.3801,30.5801,0.000113637,-0.705917,-0.397075,-3.80027,0.0125885,1.06333,0.671522,0.00634054,0.712899,0.666072,-3,0,1.17409,0.93731,0,-0.0877856,0.0336647,-0.011295,0.729589,-0.0676769,0.0268033,-0.01203,0,0,0,0
SIM,nr,F8_CONTRACTION,NormSpd,Not Short,NoSpin,1.2,39.4894,29.48,30.68,9.8661e-05,-0.605682,-0.32071,-3.80021,0.0126371,1.09812,0.747315,0.00690386,0.828782,0.754273,-3,0,1.14366,0.825058,0,-0.100599,0.0347217,-0.0115024,0.729322,-0.0820659,0.0324361,-0.011807,0,0,0,0
SIM,nr,F8_CONTRACTION,NormSpd,Not Short,NoSpin,1.2,39.5893,29.58,30.78,3.5799e-05,-0.493916,-0.23215,-3.79971,0.0125493,1.13143,0.816651,0.00756954,0.941402,0.830592,-3,0,1.10872,0.699798,0,-0.112391,0.0401605,-0.0108787,0.729121,-0.0952482,0.0383661,-0.0111829,0,0,0,0
SIM,nr,F8_CONTRACTION,NormSpd,Not Short,NoSpin,1.2,39.6893,29.68,30.88,3.2104e-05,-0.387923,-0.146062,-3.79892,0.0122884,1.15819,0.867992,0.00768689,1.05033,0.893833,-3,0,1.0694,0.563475,0,-0.123883,0.0474683,-0.0121027,0.729016,-0.105398,0.0420558,-0.0103681,0,0,0,0
SIM,nr,F8_CONTRACTION,NormSpd,Not Short,NoSpin,1.2,39.7894,29.78,30.98,5.7526e-05,-0.270617,-0.0492469,-3.79811,0.0118796,1.18209,0.909457,0.00687029,1.15518,0.943007,-3,0,1.02582,0.418176,0,-0.134782,0.0497771,-0.0119475,0.728939,-0.113589,0.0449014,-0.00928193,0,0,0,0
SIM,nr,F8_CONTRACTION,NormSpd,Not Short,NoSpin,1.2,39.8893,29.88,31.08,3.2678e-05,-0.160626,0.0421589,-3.79768,0.0114936,1.19883,0.934249,0.00541781,1.2554,0.977272,-3,0,0.978237,0.266392,0,-0.137785,0.0536217,-0.0113034,0.728875,-0.121067,0.0485158,-0.00795205,0,0,0,0
SIM,nr,F8_CONTRACTION,NormSpd,Not Short,NoSpin,1.2,39.9893,29.98,31.18,3.1785e-05,-0.0404118,0.141532,-3.7977,0.0109678,1.21132,0.945361,0.00367745,1.35066,0.996134,-3,0,0.926787,0.110399,0,-0.142806,0.0569827,-0.0107775,0.72885,-0.126266,0.0502159,-0.00664328,0,0,0,0
