time,x,y,z,yaw,platform,controller,trajectory,traj_double,lookahead_time,traj_time,comp_time,vx,vy,vz,x_ref,y_ref,z_ref,yaw_ref,vx_ref,vy_ref,vz_ref,p,q,r,throttle_input,p_input,q_input,r_input
10.13632321357727,0.14259894,-0.03723272,-2.8603606,0.002907334113092025,SIM,ff_f8_pfb,F8_CONTRACTION,NormSpd,0.0,0.1349809169769287,0.0024280548095703125,-0.040352985,0.09133857,-0.07174865,0.16941875219345093,0.16880980134010315,-3.0,0.0,1.2521203756332397,1.238602638244629,0.0,-0.0144471135,-0.00519944,0.03817266,0.7438566488695909,-0.19541460175226222,0.020970846451002854,-0.004269898057469748
10.244019269943237,0.14561129,-0.009879546,-2.8758724,-0.0019705788737419266,nan,nan,nan,nan,nan,0.2429664134979248,0.0026323795318603516,-0.06510747,0.08076355,-0.08085051,0.3041360676288605,0.30059894919395447,-3.0,0.0,1.2420223951339722,1.1985183954238892,0.0,-0.142965,0.013002235,0.03294849,0.7443838260952447,-0.19140761298692086,0.001152710125985016,0.0029690498581377697
10.342333793640137,0.1435103,0.0018646964,-2.8847404,-0.004813786064130535,nan,nan,nan,nan,nan,0.34099817276000977,0.0025773048400878906,-0.0769902,0.064854965,-0.1141067,0.4252399504184723,0.41551682353019714,-3.0,0.0,1.227903962135315,1.1430188417434692,0.0,-0.19277367,-0.0032740415,0.033301298,0.7448432633816446,-0.160085564568016,-0.020433509324296276,0.00663471330177428
10.444355726242065,0.1382618,0.012452976,-2.8983474,-0.007993708896090891,nan,nan,nan,nan,nan,0.44319844245910645,0.002466917037963867,-0.090782784,0.02871347,-0.15060645,0.549769401550293,0.528590738773346,-3.0,0.0,1.2082278728485107,1.06673002243042,0.0,-0.1652506,-0.027243176,0.03427675,0.7453880920710608,-0.12134031110074066,-0.03956541410894644,0.010117281573836956
10.543088436126709,0.13063967,0.018186584,-2.915101,-0.010717879746438452,nan,nan,nan,nan,nan,0.5418610572814941,0.002397298812866211,-0.10253877,-0.020246273,-0.18510403,0.6678439974784851,0.629510223865509,-3.0,0.0,1.1845070123672485,0.9763972163200378,0.0,-0.12840974,-0.046243295,0.035021912,0.7459455853998288,-0.08828600695808939,-0.05485061584651502,0.012735040608013417
10.64245080947876,0.11962393,0.018009014,-2.938329,-0.013818647431553446,nan,nan,nan,nan,nan,0.6412196159362793,0.0026962757110595703,-0.11223657,-0.08583573,-0.22359356,0.7841574549674988,0.7213712930679321,-3.0,0.0,1.156020164489746,0.8702821731567383,0.0,-0.08541132,-0.0623718,0.036508802,0.7464578904629133,-0.05638203859072113,-0.0669301593632796,0.015940997215622237
10.741939306259155,0.10683411,0.010741855,-2.9643483,-0.01744765272415318,nan,nan,nan,nan,nan,0.7406692504882812,0.0024886131286621094,-0.1179981,-0.15454142,-0.26027688,0.8975180983543396,0.8020695447921753,-3.0,0.0,1.1229972839355469,0.7505021691322327,0.0,-0.050350428,-0.07279952,0.0384388,0.7469327937580025,-0.028962356196514476,-0.07778976384492123,0.020141783511164215
10.841841459274292,0.0901247,-0.0056454036,-2.9972126,-0.02296937860030645,nan,nan,nan,nan,nan,0.8405210971832275,0.0026290416717529297,-0.12008024,-0.23394181,-0.30099514,1.0078120231628418,0.870506227016449,-3.0,0.0,1.0854308605194092,0.6184632182121277,0.0,-0.015855331,-0.08391533,0.040436912,0.7472803105505005,-0.0021066406083110035,-0.08665633716471234,0.027470082523188635
10.947318315505981,0.072333954,-0.028710287,-3.0312257,-0.031048082724183114,nan,nan,nan,nan,nan,0.9461562633514404,0.002941608428955078,-0.11831955,-0.3086108,-0.33913314,1.1201685667037964,0.9279875159263611,-3.0,0.0,1.0410429239273071,0.4682370722293854,0.0,0.01160964,-0.093590975,0.04233147,0.7475669482508561,0.02360827073443206,-0.09597075582766945,0.038854557138353375
11.047536849975586,0.051261425,-0.062098928,-3.0719953,-0.04307236679795657,nan,nan,nan,nan,nan,1.0386698246002197,0.0027420520782470703,-0.11186032,-0.38808846,-0.38081157,1.2145329713821411,0.9649443030357361,-3.0,0.0,0.9983959197998047,0.3298104703426361,0.0,0.040654812,-0.10024161,0.046980795,0.7477132152230764,0.04548176762550108,-0.1033465531285545,0.05211489480082401
11.142717599868774,0.030989617,-0.10073404,-3.1132095,-0.05767787075917671,nan,nan,nan,nan,nan,1.141472339630127,0.002360105514526367,-0.10089025,-0.45748034,-0.41958272,1.3145664930343628,0.9907146692276001,-3.0,0.0,0.9470565319061279,0.1708492487668991,0.0,0.06619237,-0.106187694,0.05405924,0.7475359780969535,0.06913457039487655,-0.10615619955205441,0.07886519270012876
11.24285101890564,0.014184821,-0.13801384,-3.149979,-0.07103851412927506,nan,nan,nan,nan,nan,1.2434206008911133,0.005342006683349609,-0.08735102,-0.51145995,-0.45172283,1.4083552360534668,0.9999658465385437,-3.0,0.0,0.8922423124313354,0.010389652103185654,0.0,0.086763166,-0.10945325,0.061698828,0.7473470965252949,0.09165963763701865,-0.11236908557386112,0.09911468764266791
11.341838359832764,-0.008256701,-0.19736415,-3.2049901,-0.08970468699636878,nan,nan,nan,nan,nan,1.34047269821167,0.0025358200073242188,-0.06060058,-0.5784437,-0.496478,1.4922778606414795,0.9935441017150879,-3.0,0.0,0.8366567492485046,-0.1425611823797226,0.0,0.11573471,-0.113190204,0.07755375,0.7468156148876622,0.11062771672562888,-0.11115780914366025,0.12832255880442237
11.441949605941772,-0.026821967,-0.25929752,-3.2603498,-0.10560821136857075,nan,nan,nan,nan,nan,1.440779685974121,0.0026862621307373047,-0.026240965,-0.6310646,-0.53721714,1.5731819868087769,0.9713995456695557,-3.0,0.0,0.7759411334991455,-0.2983895540237427,0.0,0.13881679,-0.10962323,0.09612474,0.7461113530008662,0.12880590432856964,-0.10883146914842436,0.1535208028898077
11.541833639144897,-0.041251335,-0.32191107,-3.3147535,-0.11704064533610695,nan,nan,nan,nan,nan,1.5405082702636719,0.0025560855865478516,0.015164359,-0.6701628,-0.57277256,1.6474274396896362,0.9341011047363281,-3.0,0.0,0.7125206589698792,-0.4486302137374878,0.0,0.15751375,-0.10702548,0.11743178,0.7452830581049895,0.14593523704538475,-0.10521918219444389,0.17203797260321177
11.646782398223877,-0.05131177,-0.39450154,-3.3769076,-0.12349700253472756,nan,nan,nan,nan,nan,1.6454498767852783,0.002544879913330078,0.073719904,-0.7001319,-0.6088537,1.7185664176940918,0.8790469169616699,-3.0,0.0,0.642769992351532,-0.5990831851959229,0.0,0.17298727,-0.10085196,0.14061585,0.7441889184382123,0.16169823695739133,-0.09814547875526437,0.18328603543753216
11.7419753074646,-0.053526413,-0.46404907,-3.4371972,-0.12270839957881827,nan,nan,nan,nan,nan,1.7407281398773193,0.002467632293701172,0.14161053,-0.7139802,-0.6396713,1.7766932249069214,0.8158104419708252,-3.0,0.0,0.5770144462585449,-0.7267376184463501,0.0,0.18640588,-0.092523,0.15923691,0.7431116576096775,0.17359384459276328,-0.08886487396211391,0.18347507879605598
11.84231448173523,-0.047815386,-0.5286526,-3.4949636,-0.11597287553366455,nan,nan,nan,nan,nan,1.8412015438079834,0.0025072097778320312,0.21554914,-0.7138529,-0.6649948,1.8310902118682861,0.7364925742149353,-3.0,0.0,0.5054387450218201,-0.8500466346740723,0.0,0.1935481,-0.083177924,0.17351167,0.7419648481480579,0.1853789394964355,-0.08020604943510619,0.17449993077351275
11.942121982574463,-0.029727522,-0.6043299,-3.5657487,-0.10119373801379153,nan,nan,nan,nan,nan,1.9408128261566162,0.0029098987579345703,0.31688386,-0.6953911,-0.6909844,1.877819538116455,0.6462768316268921,-3.0,0.0,0.4324885606765747,-0.9589435458183289,0.0,0.19777761,-0.06987513,0.1853979,0.7406024006264573,0.19103299885919586,-0.06614550848577411,0.15333565515520814
12.041319131851196,-0.0010402172,-0.67179346,-3.6330662,-0.0826641951714015,nan,nan,nan,nan,nan,2.040053367614746,0.0023772716522216797,0.42107892,-0.65943587,-0.7110037,1.9170626401901245,0.5463382005691528,-3.0,0.0,0.35812538862228394,-1.0525147914886475,0.0,0.20237452,-0.05692761,0.18881494,0.7393229210641523,0.19442799372564123,-0.052726905667084246,0.12610101301793344
12.14180612564087,0.04430727,-0.74014044,-3.7081227,-0.05898151730667633,nan,nan,nan,nan,nan,2.1406869888305664,0.0025243759155273438,0.5432095,-0.5990077,-0.72787476,1.949247121810913,0.4363391399383545,-3.0,0.0,0.28129830956459045,-1.1306997537612915,0.0,0.19526857,-0.038755096,0.18171021,0.737980800005547,0.19275999284947565,-0.0372297919054254,0.09066192904088465
12.24209475517273,0.09995082,-0.79731643,-3.7789338,-0.03625141879722587,nan,nan,nan,nan,nan,2.240734815597534,0.0026941299438476562,0.66048765,-0.5243165,-0.73897946,1.9735218286514282,0.32006892561912537,-3.0,0.0,0.2038034051656723,-1.190530776977539,0.0,0.18862267,-0.024066282,0.16798767,0.7367826415832921,0.1895569297713079,-0.0232474369306648,0.05616591293342866
12.346764326095581,0.16874413,-0.8469991,-3.8506472,-0.01464350006327287,nan,nan,nan,nan,nan,2.346104145050049,0.0050199031829833984,0.7790747,-0.43237013,-0.74597603,1.9906572103500366,0.19218800961971283,-3.0,0.0,0.12132202833890915,-1.2332110404968262,0.0,0.17922531,-0.009476827,0.14664994,0.7356574550346737,0.1837251031121305,-0.009279220364587627,0.02284850734749975
12.441541194915771,0.25782508,-0.8905176,-3.9287403,0.0060119262976546725,nan,nan,nan,nan,nan,2.4397151470184326,0.0017783641815185547,0.9061149,-0.3149136,-0.74881935,1.998565435409546,0.07568374276161194,-3.0,0.0,0.04758762940764427,-1.253032922744751,0.0,0.16553701,0.007623751,0.116653934,0.7346278645941788,0.17096626812848897,0.007315442427799627,-0.009873960147558803
12.539830207824707,0.3622236,-0.9213105,-4.006935,0.022598868601858585,nan,nan,nan,nan,nan,2.5379772186279297,0.000698089599609375,1.0300676,-0.18041027,-0.74779236,1.9994306564331055,-0.04770546779036522,-3.0,0.0,-0.029982764273881912,-1.2552063465118408,0.0,0.14998335,0.024798961,0.08322041,0.7337098260011296,0.15578088664944692,0.024223667990457123,-0.03715912184969157
12.639862537384033,0.4722376,-0.93727577,-4.078949,0.03430962301821154,nan,nan,nan,nan,nan,2.638007164001465,0.0009264945983886719,1.1402622,-0.044247787,-0.74357665,1.9924856424331665,-0.17255689203739166,-3.0,0.0,-0.10882958769798279,-1.237786889076233,0.0,0.13165626,0.04149712,0.05361743,0.7330188104728392,0.13980634764032632,0.04015111564390413,-0.05748433789192267
12.740479230880737,0.60513026,-0.9395254,-4.156417,0.04241398615199374,nan,nan,nan,nan,nan,2.738746166229248,0.0012538433074951172,1.2535112,0.11399608,-0.7366083,1.9775395393371582,-0.29553672671318054,-3.0,0.0,-0.18780022859573364,-1.2005047798156738,0.0,0.112154536,0.05947918,0.019766811,0.7323910372090848,0.11900114843231592,0.058632793592163085,-0.0732537665155644
12.83999490737915,0.73986006,-0.92669964,-4.2271166,0.04660386909036344,nan,nan,nan,nan,nan,2.8381407260894775,0.0007824897766113281,1.3513844,0.2682143,-0.7282533,1.9550302028656006,-0.41224804520606995,-3.0,0.0,-0.26498115062713623,-1.1448863744735718,0.0,0.09159068,0.07811932,-0.007478971,0.7319705184583187,0.09704477035660536,0.0762460196072895,-0.08326402214511607
12.939889669418335,0.8985239,-0.89671683,-4.302782,0.04667729722949743,nan,nan,nan,nan,nan,2.938035726547241,0.0007796287536621094,1.4505856,0.4388923,-0.7182155,1.9247276782989502,-0.5230724811553955,-3.0,0.0,-0.34150922298431396,-1.0710169076919556,0.0,0.06623593,0.09661883,-0.030562459,0.7315761983887098,0.07125430063115684,0.0963308249591376,-0.08771729664032839
13.03989291191101,1.0551975,-0.85391355,-4.371353,0.043026611785052446,nan,nan,nan,nan,nan,3.0380396842956543,0.0007834434509277344,1.5338941,0.59839064,-0.7083787,1.8867994546890259,-0.6257717609405518,-3.0,0.0,-0.4167734980583191,-0.9801846742630005,0.0,0.042331055,0.11636709,-0.049721807,0.7313412221566968,0.04530919625945257,0.11571776056390005,-0.08635033957572792
13.13979172706604,1.2348963,-0.79191935,-4.4437175,0.036488745098306075,nan,nan,nan,nan,nan,3.1379811763763428,0.0006852149963378906,1.6139822,0.7694218,-0.69747394,1.841455101966858,-0.718546986579895,-3.0,0.0,-0.49034741520881653,-0.8739640116691589,0.0,0.011573236,0.13535556,-0.064610556,0.7310785548725068,0.016687625855887313,0.13661030784403166,-0.08070704314597163
13.239783525466919,1.4091654,-0.72014314,-4.509427,0.028095768994797918,nan,nan,nan,nan,nan,3.2379305362701416,0.0012824535369873047,1.6773328,0.92380834,-0.6878848,1.7888473272323608,-0.8000093698501587,-3.0,0.0,-0.5619939565658569,-0.7539665102958679,0.0,-0.017569715,0.15677205,-0.07149738,0.7308947270836964,-0.01116569926512902,0.15636410917373067,-0.07157704711397656
13.339765787124634,1.6064668,-0.6272822,-4.5792365,0.01818215830516491,nan,nan,nan,nan,nan,3.3379104137420654,0.0006806850433349609,1.7340859,1.083966,-0.67817175,1.7291678190231323,-0.8688869476318359,-3.0,0.0,-0.6314456462860107,-0.6220486760139465,0.0,-0.04644993,0.1755567,-0.07481475,0.7306038733547641,-0.04084970944637598,0.17710794202440885,-0.05968780405821997
13.439821720123291,1.7961531,-0.5286983,-4.6425467,0.007352929204554978,nan,nan,nan,nan,nan,3.4380033016204834,0.001071929931640625,1.7755748,1.2226381,-0.6700976,1.6625877618789673,-0.9241213798522949,-3.0,0.0,-0.6984805464744568,-0.48015981912612915,0.0,-0.07695842,0.19509721,-0.07206792,0.7303179382859336,-0.06945168802538014,0.19689984694043708,-0.045511501998748566
13.53978943824768,2.0079987,-0.40788043,-4.7097216,-0.004686070933949696,nan,nan,nan,nan,nan,3.537943124771118,0.0006906986236572266,1.804662,1.3624527,-0.661689,1.5895508527755737,-0.9647042155265808,-3.0,0.0,-0.762657642364502,-0.3309176564216614,0.0,-0.1062621,0.21307184,-0.06694291,0.7298627964610543,-0.09896849967860172,0.21676597751360463,-0.028475589090153092
13.640793561935425,2.207314,-0.28479418,-4.770928,-0.015413376528352896,nan,nan,nan,nan,nan,3.639178991317749,0.001592397689819336,1.815056,1.4794774,-0.65497136,1.509179949760437,-0.9903187155723572,-3.0,0.0,-0.8246009349822998,-0.17443640530109406,0.0,-0.13503693,0.23278296,-0.058097325,0.7293539522788075,-0.1278262138155725,0.23450382809651077,-0.012274425661332002
13.740061044692993,2.4243298,-0.13974278,-4.836103,-0.02542884163332334,nan,nan,nan,nan,nan,3.7382798194885254,0.0009870529174804688,1.8039366,1.5917276,-0.64797544,1.4245893955230713,-0.9998915195465088,-3.0,0.0,-0.8820090889930725,-0.0185070987790823,0.0,-0.16751164,0.2498044,-0.045507994,0.7286351755535322,-0.15555590883987555,0.250005416879114,0.004531541991057676
13.840046405792236,2.6228707,0.0034112956,-4.8957095,-0.03308861844521713,nan,nan,nan,nan,nan,3.8382625579833984,0.0008509159088134766,1.7716895,1.6797723,-0.64113253,1.3336515426635742,-0.993855357170105,-3.0,0.0,-0.9364630579948425,0.1390930563211441,0.0,-0.19367874,0.2602133,-0.032790612,0.7278367058247499,-0.18162623925508584,0.2627489394886106,0.018903421169745537
13.940961122512817,2.8169606,0.15384349,-4.954736,-0.03941669935341511,nan,nan,nan,nan,nan,3.9394521713256836,0.0013802051544189453,1.7160625,1.7506721,-0.6327054,1.2362604141235352,-0.9717943072319031,-3.0,0.0,-0.9878118634223938,0.2963527739048004,0.0,-0.21835084,0.2725878,-0.019625755,0.7268748604513727,-0.2063398050527145,0.2729012701101023,0.0325073524857424
14.040498495101929,3.002594,0.3107216,-5.0126457,-0.04360267007125168,nan,nan,nan,nan,nan,4.038796424865723,0.0011451244354248047,1.6337563,1.8039895,-0.6211924,1.135783076286316,-0.9348669052124023,-3.0,0.0,-1.0343421697616577,0.4461040794849396,0.0,-0.24265653,0.27865702,-0.004083754,0.7258080762155628,-0.2284136208110911,0.2793058194871799,0.04409571252971319
14.141215801239014,3.1909702,0.48554206,-5.0741963,-0.04591792166110658,nan,nan,nan,nan,nan,4.1397740840911865,0.0019469261169433594,1.5143292,1.8389487,-0.60467017,1.0291224718093872,-0.8824248313903809,-3.0,0.0,-1.0775079727172852,0.5911892056465149,0.0,-0.26265058,0.27946475,0.012348535,0.7245644449137368,-0.24751457331090232,0.2813971385145413,0.05441406944300821
14.241393566131592,3.3505466,0.6495221,-5.1293693,-0.04647979534135058,nan,nan,nan,nan,nan,4.239884853363037,0.0018694400787353516,1.3764985,1.8487304,-0.5838294,0.9192882180213928,-0.8164228200912476,-3.0,0.0,-1.1160234212875366,0.7256508469581604,0.0,-0.27798173,0.28273028,0.025620937,0.7233265675719102,-0.26413441886338634,0.28079945814996937,0.06213595819756605
14.344183683395386,3.5033462,0.82873917,-5.186966,-0.04542834712744532,nan,nan,nan,nan,nan,4.3428075313568115,0.003935098648071289,1.1965559,1.8344582,-0.5539879,0.8025826215744019,-0.7351258993148804,-3.0,0.0,-1.1510173082351685,0.8519126772880554,0.0,-0.29138872,0.27479523,0.039719198,0.7219834622906081,-0.2771474244916362,0.26276695308819,0.06830077724948234
14.444405794143677,3.6222854,0.9928684,-5.236858,-0.04297862002366031,nan,nan,nan,nan,nan,4.443810701370239,0.005780458450317383,1.0028268,1.7966512,-0.51827323,0.6847885847091675,-0.6433974504470825,-3.0,0.0,-1.1806813478469849,0.9619962573051453,0.0,-0.30213046,0.24676463,0.050456863,0.7207504790495841,-0.2868533491460996,0.20847383203289874,0.0698978252313873
14.54514455795288,3.7105443,1.1403413,-5.2791934,-0.03977422380559706,nan,nan,nan,nan,nan,4.54459023475647,0.0058634281158447266,0.80475074,1.7405528,-0.47818092,0.5645071864128113,-0.5415542125701904,-3.0,0.0,-1.205541968345642,1.056411862373352,0.0,-0.3071663,0.19592519,0.058837824,0.7196567898025109,-0.2938830891031349,0.16671530868753387,0.06796210366961257
14.644642114639282,3.787466,1.3087282,-5.3247156,-0.03519404167239353,nan,nan,nan,nan,nan,4.643932104110718,0.005746603012084961,0.55282396,1.6478485,-0.42219758,0.4437248110771179,-0.43266627192497253,-3.0,0.0,-1.2253191471099854,1.132926344871521,0.0,-0.30730408,0.14297165,0.06515926,0.7185783599720347,-0.2933259067663391,0.12842572032784474,0.06286672874240845
14.74366283416748,3.8302255,1.4566784,-5.3611827,-0.030891404281172145,nan,nan,nan,nan,nan,4.743053674697876,0.005910634994506836,0.3072593,1.5382566,-0.36242104,0.3214874565601349,-0.31730690598487854,-3.0,0.0,-1.2402960062026978,1.1916977167129517,0.0,-0.30349934,0.104609124,0.06873343,0.7177540767253723,-0.2909076904752139,0.10197648086891832,0.05707468693692285
14.84467625617981,3.844384,1.5951593,-5.3913465,-0.027096174078059303,nan,nan,nan,nan,nan,4.843943357467651,0.005460023880004883,0.052841526,1.4066978,-0.29552466,0.19579246640205383,-0.19485200941562653,-3.0,0.0,-1.2506009340286255,1.2325506210327148,0.0,-0.2963479,0.07606524,0.0689422,0.7171352878100952,-0.28524429669340534,0.0819808207952599,0.05149010615004116
14.942031621932983,3.8281076,1.7321457,-5.4159827,-0.02391227480094263,nan,nan,nan,nan,nan,4.940706729888916,0.002663850784301758,-0.22890095,1.2412918,-0.21548852,0.07449288666248322,-0.07444119453430176,-3.0,0.0,-1.2557650804519653,1.2531503438949585,0.0,-0.2820715,0.05173826,0.06643682,0.7167863436917922,-0.2737329523772836,0.06551046134816654,0.046420795092432895
15.042135953903198,3.7780833,1.8543308,-5.4306984,-0.022840920726579186,nan,nan,nan,nan,nan,5.040822982788086,0.00290679931640625,-0.5163727,1.0566459,-0.12808658,-0.05129404738545418,0.051277175545692444,-3.0,0.0,-1.2562236785888672,1.254983901977539,0.0,-0.26516625,0.033928063,0.06366905,0.7167262119614453,-0.25992977817375107,0.052840013433165384,0.04420393412808345
15.142334938049316,3.7021205,1.9518036,-5.4347463,-0.02368255493755006,nan,nan,nan,nan,nan,5.14108419418335,0.002562284469604492,-0.78571004,0.8706891,-0.041531447,-0.17705951631069183,0.17636430263519287,-3.0,0.0,-1.251702904701233,1.2369391918182373,0.0,-0.24690774,0.021928191,0.058289144,0.7169895401942038,-0.24538047484358413,0.04341039114030214,0.044680785539057126
15.243963956832886,3.597372,2.0329864,-5.4295692,-0.026393755030006724,nan,nan,nan,nan,nan,5.242781639099121,0.0026357173919677734,-1.0594645,0.67285913,0.048973247,-0.30390655994415283,0.3003774881362915,-3.0,0.0,-1.2420445680618286,1.198606014251709,0.0,-0.22453682,0.012504974,0.056313187,0.717538806207961,-0.22800633705216394,0.03531347127016761,0.0477591654814575
15.346719741821289,3.4501748,2.1014159,-5.412869,-0.03021241390545308,nan,nan,nan,nan,nan,5.34537410736084,0.004674434661865234,-1.36097,0.44571304,0.15069667,-0.43061158061027527,0.420512318611145,-3.0,0.0,-1.2271647453308105,1.1401302814483643,0.0,-0.19856358,0.0027403221,0.052256867,0.7184291419419049,-0.2058792640771009,0.027978346008065397,0.052360865033625505
15.441840648651123,3.2838502,2.145315,-5.387285,-0.03285555988370574,nan,nan,nan,nan,nan,5.44057559967041,0.002493143081665039,-1.6419853,0.22411188,0.24690796,-0.5465996861457825,0.5257900357246399,-3.0,0.0,-1.2087955474853516,1.0689135789871216,0.0,-0.17325686,-0.0032394414,0.05300579,0.7195045978565975,-0.1821620569583985,0.02271768838631726,0.055432208907803066
15.543006896972656,3.0877337,2.1692,-5.3518906,-0.034429578418828266,nan,nan,nan,nan,nan,5.541790246963501,0.002424001693725586,-1.9256082,-0.0070147747,0.34396818,-0.6677601337432861,0.6294410824775696,-3.0,0.0,-1.1845256090164185,0.9764676094055176,0.0,-0.14233856,-0.007915014,0.05351648,0.7208310443169975,-0.15491610177682139,0.018920126500055343,0.05712739738470673
15.641804933547974,2.8421228,2.170229,-5.3026943,-0.034989557670266846,nan,nan,nan,nan,nan,5.640445947647095,0.0029430389404296875,-2.2343574,-0.26720247,0.44860688,-0.7832629680633545,0.7206976413726807,-3.0,0.0,-1.156259536743164,0.8711630702018738,0.0,-0.106494054,-0.013878142,0.05496343,0.722360996775917,-0.12342585628525271,0.016063938292544256,0.057441529331379006
15.743088006973267,2.5863972,2.1472478,-5.2476993,-0.0346292397990087,nan,nan,nan,nan,nan,5.74182391166687,0.0026144981384277344,-2.5186725,-0.5138123,0.5432501,-0.8988144993782043,0.8029353022575378,-3.0,0.0,-1.12258780002594,0.7490389347076416,0.0,-0.07046948,-0.013700762,0.05708603,0.7240019540874516,-0.09106921888372445,0.014821655587122168,0.05670829215331406
15.845545291900635,2.2780774,2.096672,-5.178056,-0.03390916210228376,nan,nan,nan,nan,nan,5.844702959060669,0.004985809326171875,-2.8266444,-0.78267336,0.6422401,-1.01234769821167,0.8730804920196533,-3.0,0.0,-1.0837633609771729,0.6127061247825623,0.0,-0.03087831,-0.014531802,0.057838485,0.7258136259810773,-0.05565920696450779,0.014105208219537124,0.05548055327015558
15.942124128341675,1.9646175,2.0260272,-5.104981,-0.03331726854502015,nan,nan,nan,nan,nan,5.940829753875732,0.002832651138305664,-3.111048,-1.029717,0.7292865,-1.114617109298706,0.9254726767539978,-3.0,0.0,-1.0433926582336426,0.4760321080684662,0.0,0.0032304218,-0.020600675,0.059437424,0.7275520445058313,-0.021874685598052418,-0.03321954904301805,0.03917632970762669
16.05673336982727,1.5637203,1.9159361,-5.0094824,-0.031804825605051185,nan,nan,nan,nan,nan,6.055599212646484,0.0024466514587402344,-3.4427574,-1.3115282,0.82296205,-1.2313661575317383,0.9703090190887451,-3.0,0.0,-0.9902222752571106,0.30394113063812256,0.0,0.047999498,-0.08504581,0.055598516,0.7295862017899836,0.018200315401771788,-0.09882678231846863,0.016145673825750703
16.14245080947876,1.254037,1.8195766,-4.9353313,-0.030047965242339963,nan,nan,nan,nan,nan,6.141272068023682,0.0025277137756347656,-3.6760373,-1.5055469,0.8834431,-1.3143768310546875,0.9906803965568542,-3.0,0.0,-0.9471604824066162,0.17116256058216095,0.0,0.07765109,-0.13109975,0.050364546,0.7310451866571019,0.04750995870021744,-0.14252013071849481,0.0006871118874445011
16.2421452999115,0.85809946,1.6853236,-4.84106,-0.027304377547516245,nan,nan,nan,nan,nan,6.24084734916687,0.0026323795318603516,-3.946607,-1.7281709,0.94628567,-1.406057357788086,0.9999338388442993,-3.0,0.0,-0.8936718702316284,0.014452967792749405,0.0,0.11109761,-0.18852706,0.038866084,0.7326810098290694,0.08167534695830964,-0.19157615576772902,-0.016184022507879505
16.342422485351562,0.40136033,1.5184412,-4.733552,-0.024180371475617884,nan,nan,nan,nan,nan,6.341085195541382,0.002984762191772461,-4.2216115,-1.9533523,1.0011508,-1.4927902221679688,0.9934564828872681,-3.0,0.0,-0.8362958431243896,-0.14352211356163025,0.0,0.15032347,-0.24401101,0.022757655,0.7343634039650886,0.11614094246781284,-0.24220047751225152,-0.03160046384945903
16.443896532058716,-0.043949664,1.3450123,-4.6308756,-0.02148427744663134,nan,nan,nan,nan,nan,6.442570447921753,0.00263214111328125,-4.4530196,-2.14541,1.0381352,-1.5745705366134644,0.9708627462387085,-3.0,0.0,-0.7748284935951233,-0.301135778427124,0.0,0.1815895,-0.2882594,0.009130795,0.7358191080029264,0.14942508155333267,-0.28470585037710233,-0.04191960312496707
16.548041582107544,-0.54739153,1.1373748,-4.5178304,-0.018846807694903323,nan,nan,nan,nan,nan,6.547319173812866,0.004845619201660156,-4.6718235,-2.3337202,1.0628788,-1.652265191078186,0.9310113787651062,-3.0,0.0,-0.7080844640731812,-0.4586602449417114,0.0,0.21714705,-0.33058348,-0.0068864776,0.7372608746352967,0.18311370742226435,-0.32805880595586157,-0.04915335054014562
16.641828060150146,-1.0280071,0.9302449,-4.4137015,-0.016999441790277875,nan,nan,nan,nan,nan,6.64047384262085,0.0023632049560546875,-4.8397536,-2.4854605,1.071251,-1.7153595685958862,0.882010817527771,-3.0,0.0,-0.6461428999900818,-0.5921640992164612,0.0,0.24841087,-0.37235123,-0.019602505,0.7385000810645481,0.21127677279238719,-0.3648834336629729,-0.05142489374005853
16.742235898971558,-1.5610843,0.69066226,-4.302652,-0.01638614626083959,nan,nan,nan,nan,nan,6.740920782089233,0.0023462772369384766,-4.9800496,-2.623329,1.0659148,-1.7768043279647827,0.8156704306602478,-3.0,0.0,-0.5768793225288391,-0.72698575258255,0.0,0.28041744,-0.41117182,-0.032825474,0.7397161992770155,0.23900766917736244,-0.4001003363498267,-0.0477973012852199
16.84208083152771,-2.0600262,0.45801428,-4.2028484,-0.01715877656245167,nan,nan,nan,nan,nan,6.840939044952393,0.0024242401123046875,-5.0663524,-2.7238252,1.0501126,-1.8309574127197266,0.7367156744003296,-3.0,0.0,-0.5056284666061401,-0.8497412800788879,0.0,0.3070388,-0.44122824,-0.040931225,0.740719275441542,0.26391390067035053,-0.427543194663566,-0.038912294748068704
16.942072868347168,-2.602785,0.1968501,-4.0985346,-0.019343199313016445,nan,nan,nan,nan,nan,6.940837383270264,0.002435445785522461,-5.1083813,-2.8007355,1.0227203,-1.877830147743225,0.6462532877922058,-3.0,0.0,-0.4324703514575958,-0.9589686393737793,0.0,0.3303866,-0.46752295,-0.043902732,0.7417641271605853,0.28524949555932405,-0.4535205814822543,-0.02404360388648455
17.04191827774048,-3.0997257,-0.05026017,-4.0064545,-0.022099501366422282,nan,nan,nan,nan,nan,7.040555238723755,0.003255128860473633,-5.0957656,-2.84185,0.9917115,-1.9172422885894775,0.5458098649978638,-3.0,0.0,-0.35774552822113037,-1.0529476404190063,0.0,0.35053742,-0.48294237,-0.043212514,0.7426575406807516,0.3033433079478979,-0.4722113084998737,-0.0064153250956077434
17.142897129058838,-3.6262805,-0.31978813,-3.91163,-0.025358121535538646,nan,nan,nan,nan,nan,7.141608715057373,0.0023162364959716797,-5.0236263,-2.8515484,0.95556283,-1.949506163597107,0.4352966547012329,-3.0,0.0,-0.2805889844894409,-1.1313340663909912,0.0,0.36477605,-0.4987237,-0.03680318,0.743636514795765,0.3167876073729805,-0.4868394812877527,0.015477841113658328
17.241936922073364,-4.058043,-0.5467333,-3.8353565,-0.028129245841442413,nan,nan,nan,nan,nan,7.240567922592163,0.002627134323120117,-4.914644,-2.8303509,0.9262082,-1.9734878540039062,0.32026761770248413,-3.0,0.0,-0.20393343269824982,-1.190446376800537,0.0,0.3708878,-0.505042,-0.028092377,0.7444559605826538,0.3268656816098057,-0.49327251190724525,0.03537722366576143
17.344506978988647,-4.546547,-0.8110381,-3.749342,-0.03109704638373964,nan,nan,nan,nan,nan,7.344286203384399,0.005903005599975586,-4.729695,-2.7706301,0.8969912,-1.9904353618621826,0.194429412484169,-3.0,0.0,-0.12275063246488571,-1.2326560020446777,0.0,0.372833,-0.50602543,-0.012299615,0.7454977306954378,0.33150276463661194,-0.42278651322277644,0.057195993009239866
17.447587490081787,-4.9706984,-1.047677,-3.6733284,-0.03306201883997345,nan,nan,nan,nan,nan,7.438869476318359,0.003920316696166992,-4.5062575,-2.6817424,0.8779874,-1.9985249042510986,0.07674334943294525,-3.0,0.0,-0.04825485870242119,-1.2529311180114746,0.0,0.36797276,-0.41400895,0.0062942863,0.7465674864986731,0.3309135526508603,-0.3265573950143931,0.06928091254447376
17.541759490966797,-5.396631,-1.292941,-3.5931962,-0.033290370272711804,nan,nan,nan,nan,nan,7.540411710739136,0.0026063919067382812,-4.217718,-2.5492568,0.8674845,-1.9993553161621094,-0.05076102912425995,-3.0,0.0,0.03190438076853752,-1.2550170421600342,0.0,0.3567001,-0.30060238,0.024636855,0.7478267425465143,0.3248376270976411,-0.24486309843836787,0.0738462012171724
17.641462802886963,-5.755409,-1.5052913,-3.5194054,-0.031198351357938914,nan,nan,nan,nan,nan,7.640044212341309,0.0027043819427490234,-3.9206073,-2.3931177,0.8676414,-1.992262363433838,-0.17507776618003845,-3.0,0.0,0.11043184250593185,-1.2372277975082397,0.0,0.33942333,-0.22094044,0.04125087,0.7491442004778606,0.3149869884336566,-0.18889047928067834,0.07153990059659561
17.740013122558594,-6.104473,-1.7164145,-3.438092,-0.02654922001981623,nan,nan,nan,nan,nan,7.738239765167236,0.0010824203491210938,-3.5754385,-2.1882114,0.8763647,-1.9776345491409302,-0.29492872953414917,-3.0,0.0,0.18740487098693848,-1.200740933418274,0.0,0.31347987,-0.15514839,0.054462086,0.7506947471948675,0.2992752035458766,-0.14405411839435567,0.063692195144502
17.84016466140747,-6.3909698,-1.8914046,-3.3606942,-0.02066706449139584,nan,nan,nan,nan,nan,7.838378190994263,0.0009343624114990234,-3.2440925,-1.968531,0.89168084,-1.9549672603607178,-0.4125199019908905,-3.0,0.0,0.26516443490982056,-1.1447317600250244,0.0,0.28644648,-0.11036946,0.060903877,0.7523129745272064,0.2812851451531847,-0.11323757860712212,0.053223455762532484
17.94005036354065,-6.6616597,-2.0555377,-3.273082,-0.013091469899891406,nan,nan,nan,nan,nan,7.938232183456421,0.0008947849273681641,-2.8769891,-1.6995432,0.9149373,-1.924660563468933,-0.5232828259468079,-3.0,0.0,0.34165850281715393,-1.070854663848877,0.0,0.25687435,-0.07694679,0.06298313,0.7541606365686506,0.2576916521845898,-0.0890205731822264,0.03989559522440582
18.04040002822876,-6.876176,-2.1814802,-3.18822,-0.00575598144765109,nan,nan,nan,nan,nan,8.038661003112793,0.0014259815216064453,-2.5348322,-1.4263066,0.94108754,-1.886540412902832,-0.6263806223869324,-3.0,0.0,0.4172362685203552,-0.9795704483985901,0.0,0.22424424,-0.052770272,0.060718533,0.7560321289130022,0.2321647307848231,-0.07249010702261953,0.027043943638577754
18.140496969223022,-7.071251,-2.2880456,-3.0924857,0.001937518025608015,nan,nan,nan,nan,nan,8.1388099193573,0.0016286373138427734,-2.164415,-1.1069242,0.9723846,-1.8410484790802002,-0.7192708849906921,-3.0,0.0,0.490949809551239,-0.8730231523513794,0.0,0.18759282,-0.033997256,0.05291609,0.7580721263217738,0.20215163575105516,-0.05979272696637063,0.013760725827356214
18.240105867385864,-7.217319,-2.3565176,-3.0008128,0.008097934241392823,nan,nan,nan,nan,nan,8.238312721252441,0.0011684894561767578,-1.8238882,-0.79546255,1.0027236,-1.7886325120925903,-0.8002974390983582,-3.0,0.0,0.5622638463973999,-0.7534835934638977,0.0,0.14907072,-0.023729812,0.045263734,0.7600370334297984,0.170981450329184,-0.050766554810452336,0.002944274321451994
18.340530395507812,-7.3394775,-2.3971899,-2.8973653,0.013011375177652634,nan,nan,nan,nan,nan,8.338741302490234,0.0009622573852539062,-1.4561284,-0.44579807,1.0356262,-1.7286429405212402,-0.8694033026695251,-3.0,0.0,0.6320127844810486,-0.620908260345459,0.0,0.109027416,-0.01567248,0.031553913,0.7621135681963012,0.13583146323117962,-0.04331314241046922,-0.005993967994904204
18.440349578857422,-7.419347,-2.4035177,-2.798303,0.015811719136939795,nan,nan,nan,nan,nan,8.438558340072632,0.0009469985961914062,-1.1181104,-0.11661396,1.0648136,-1.6621999740600586,-0.9243876934051514,-3.0,0.0,0.6988447904586792,-0.47934970259666443,0.0,0.07062332,-0.0069209016,0.021424806,0.7640407215145978,0.10064561721475856,-0.03768119875768915,-0.011610311031223142
18.541128158569336,-7.4702115,-2.3764377,-2.6871488,0.017138981561809763,nan,nan,nan,nan,nan,8.539504289627075,0.001691579818725586,-0.753092,0.24195664,1.0934668,-1.5883594751358032,-0.9652189612388611,-3.0,0.0,0.7636369466781616,-0.3285387456417084,0.0,0.029095158,-0.00044368074,0.010714034,0.7660192225308282,0.06243488861312371,-0.0327995924573517,-0.014994203321464008
18.640956163406372,-7.4852176,-2.3276298,-2.5903528,0.017009968531995295,nan,nan,nan,nan,nan,8.639270544052124,0.0011758804321289062,-0.44522,0.5420817,1.1139927,-1.5091044902801514,-0.990334689617157,-3.0,0.0,0.8246554732322693,-0.17429323494434357,0.0,-0.00816607,0.0029036491,0.0031946017,0.7676426532299961,0.02637467207008085,-0.02907114593138011,-0.015981279048590584
18.740240573883057,-7.470513,-2.2482603,-2.4823444,0.015634554050094757,nan,nan,nan,nan,nan,8.738430976867676,0.0008337497711181641,-0.10819063,0.8617006,1.1315409,-1.4244561195373535,-0.9998943209648132,-3.0,0.0,0.8820940852165222,-0.01826842501759529,0.0,-0.045575008,0.0053720083,-0.0029652927,0.7692899842955814,-0.01094635335430238,-0.0255698712728852,-0.015110610388377702
18.840014219284058,-7.4185596,-2.1327722,-2.3637993,0.01312335985002161,nan,nan,nan,nan,nan,8.838191509246826,0.0008018016815185547,0.25734857,1.194942,1.1432337,-1.3337180614471436,-0.9938652515411377,-3.0,0.0,0.9364256858825684,0.13898153603076935,0.0,-0.0871363,0.011277392,-0.0097433245,0.770926821352148,-0.04891882808794809,-0.022690275776051847,-0.01241565872079147
18.939964771270752,-7.3378563,-2.000971,-2.2534575,0.010135268579934575,nan,nan,nan,nan,nan,8.938127517700195,0.0008134841918945312,0.5948604,1.4859658,1.146429,-1.2375684976577759,-0.9721855521202087,-3.0,0.0,0.9871650338172913,0.2943195700645447,0.0,-0.12635727,0.012566996,-0.010746761,0.7723052582954318,-0.08494216764893857,-0.020272692541210363,-0.00890035780907836
19.04004454612732,-7.2139177,-1.832825,-2.134166,0.00636449617674445,nan,nan,nan,nan,nan,9.038211584091187,0.0009403228759765625,0.9619577,1.7789199,1.1401111,-1.1363879442214966,-0.9351275563240051,-3.0,0.0,1.034079909324646,0.4452405571937561,0.0,-0.16329561,0.015245256,-0.012751296,0.7736693701576935,-0.12004812162749758,-0.018240347087827773,-0.004169167565115999
19.14032483100891,-7.0668693,-1.6555438,-2.0260322,0.0026989236780846637,nan,nan,nan,nan,nan,9.138558864593506,0.0009355545043945312,1.299808,2.0266922,1.1245698,-1.0304316282272339,-0.8831422328948975,-3.0,0.0,1.0770139694213867,0.5894951820373535,0.0,-0.19879813,0.01654987,-0.010749533,0.7747708864275349,-0.15268125796941456,-0.016683991173755196,0.0005148588740234867
19.24001955986023,-6.8717403,-1.4429635,-1.9123902,-0.0011438873684381512,nan,nan,nan,nan,nan,9.238197803497314,0.0008068084716796875,1.6652933,2.2653496,1.097652,-0.9211704730987549,-0.8176451921463013,-3.0,0.0,1.1154104471206665,0.7234741449356079,0.0,-0.23205556,0.017634159,-0.007809241,0.7758684103246191,-0.18310336858112458,-0.015764994263084794,0.005543235172489629
19.34009575843811,-6.658832,-1.2301515,-1.8115759,-0.004476379154395291,nan,nan,nan,nan,nan,9.338285207748413,0.0008687973022460938,2.001504,2.4562411,1.0630345,-0.8077846169471741,-0.7389666438102722,-3.0,0.0,1.1495797634124756,0.846649169921875,0.0,-0.25825346,0.019763788,-0.00559477,0.7767446652535176,-0.2109528972455594,-0.01557295583322536,0.009957322540619096
19.440624952316284,-6.394425,-0.9845051,-1.707465,-0.007670115835458319,nan,nan,nan,nan,nan,9.438815832138062,0.0008456707000732422,2.361944,2.6286552,1.0153147,-0.6906825304031372,-0.6481897830963135,-3.0,0.0,1.1793252229690552,0.9569025039672852,0.0,-0.28614902,0.018901989,-0.0014953462,0.777653029926222,-0.23587297100248322,-0.0158400820659647,0.014137102949148939
19.53999161720276,-6.119776,-0.7476494,-1.6169568,-0.010220871769894183,nan,nan,nan,nan,nan,9.53826093673706,0.0008544921875,2.6912534,2.7524846,0.9621563,-0.5721328854560852,-0.5482233762741089,-3.0,0.0,1.2041219472885132,1.0509657859802246,0.0,-0.3086308,0.017025234,0.0032687285,0.7784166331823577,-0.2566749291604969,-0.01652973161163298,0.017401480172400893
19.640068531036377,-5.7894073,-0.48386163,-1.5259422,-0.012525155976688657,nan,nan,nan,nan,nan,9.638269901275635,0.0011210441589355469,3.042863,2.8460863,0.8961764,-0.45065999031066895,-0.4390701353549957,-3.0,0.0,1.2243194580078125,1.1290290355682373,0.0,-0.32743114,0.017851675,0.007140371,0.7792506873439259,-0.2730902090217102,-0.01784269766812062,0.020242749277471533
19.740044355392456,-5.4552345,-0.23792075,-1.4494114,-0.014246073227577205,nan,nan,nan,nan,nan,9.738238096237183,0.0008897781372070312,3.3620207,2.8933816,0.82788783,-0.3274587392807007,-0.3230397701263428,-3.0,0.0,1.2396790981292725,1.1892629861831665,0.0,-0.33745012,0.015039679,0.01177114,0.779992612300729,-0.2850237700574867,-0.01945931981165403,0.022204983992096
19.840087175369263,-5.062915,0.026051827,-1.3754866,-0.0158076688042539,nan,nan,nan,nan,nan,9.838288068771362,0.0008897781372070312,3.7004468,2.9000525,0.74696845,-0.20286372303962708,-0.20181745290756226,-3.0,0.0,1.2501559257507324,1.2307794094085693,0.0,-0.34515882,0.012021559,0.014881812,0.7808280645153036,-0.2910086976258917,-0.021429167222735288,0.02377717634663657
19.9400417804718,-4.674575,0.26547444,-1.3160219,-0.016779159510348897,nan,nan,nan,nan,nan,9.938231706619263,0.0008513927459716797,4.0045495,2.8669467,0.667646,-0.07760084420442581,-0.07754240930080414,-3.0,0.0,1.2556908130645752,1.2528533935546875,0.0,-0.34399736,0.010120389,0.01591057,0.7816195982916885,-0.29317960652072755,-0.023488870817309316,0.024445544548803013
20.040030241012573,-4.2264843,0.5156458,-1.2621342,-0.017384565167798533,nan,nan,nan,nan,nan,10.038219928741455,0.0008668899536132812,4.324954,2.7879488,0.57783264,0.04802396148443222,0.04801011458039284,-3.0,0.0,1.256274700164795,1.25518798828125,0.0,-0.34268746,0.00788004,0.019440195,0.7824961140519875,-0.2891598063463,-0.026071791095106604,0.024397522908360364
20.140146017074585,-3.7870564,0.73425126,-1.2222266,-0.017669283161073846,nan,nan,nan,nan,nan,10.13835096359253,0.0009267330169677734,4.613363,2.6761227,0.49225977,0.17363807559013367,0.17298242449760437,-3.0,0.0,1.25189208984375,1.237693190574646,0.0,-0.33242577,0.0069998275,0.021530872,0.7833470936321657,-0.28100007092357454,-0.0287783066717501,0.023818591910336556
20.24040937423706,-3.2839084,0.954563,-1.1886159,-0.017807257842451678,nan,nan,nan,nan,nan,10.238616466522217,0.0009486675262451172,4.916762,2.5153348,0.39959246,0.298732191324234,0.29538100957870483,-3.0,0.0,1.2425400018692017,1.2005653381347656,0.0,-0.31528798,0.00545046,0.021380583,0.7842667566378752,-0.2668463681474007,-0.03157710134470025,0.022821110939050746
20.340586185455322,-2.7950442,1.1389341,-1.1668153,-0.01790642547982311,nan,nan,nan,nan,nan,10.338867902755737,0.001196146011352539,5.188782,2.331929,0.31414774,0.42262381315231323,0.4130804240703583,-3.0,0.0,1.2282605171203613,1.1444125175476074,0.0,-0.29493558,-0.00010886561,0.02166318,0.7851635665019943,-0.24977669207654424,-0.034228686889680664,0.021759319072026898
20.440272569656372,-2.2394223,1.3149343,-1.1527667,-0.018084000255846985,nan,nan,nan,nan,nan,10.438724040985107,0.0012450218200683594,5.4754305,2.09843,0.22295491,0.5443611741065979,0.5238094329833984,-3.0,0.0,1.2091941833496094,1.0704480409622192,0.0,-0.2677923,0.0025423055,0.020783084,0.7860629082163363,-0.22669374952111865,0.037897532398356276,0.03173802430808154
20.54027009010315,-1.7039669,1.4528915,-1.1485643,-0.01917832935682097,nan,nan,nan,nan,nan,10.538545846939087,0.00125885009765625,5.73057,1.8539932,0.13992533,0.6639156341552734,0.6262677907943726,-3.0,0.0,1.1853784322738647,0.9796842932701111,0.0,-0.23875947,0.09480044,0.019727172,0.7869060424449715,-0.2014082921939854,0.13294810032985976,0.05105685344374417
20.640995740890503,-1.1007322,1.5733739,-1.152897,-0.02234308167753056,nan,nan,nan,nan,nan,10.639402627944946,0.0018069744110107422,5.98766,1.5625856,0.048855793,0.782056450843811,0.719788134098053,-3.0,0.0,1.156581997871399,0.8723496794700623,0.0,-0.20032007,0.19607298,0.025203709,0.7876810784776984,-0.172028377164928,0.22118119748021262,0.07674823490207233
20.741596937179565,-0.57333386,1.6508667,-1.1636269,-0.026153869307064315,nan,nan,nan,nan,nan,10.740200281143188,0.0027871131896972656,6.1807203,1.2987103,-0.030239098,0.8969913721084595,0.8017174601554871,-3.0,0.0,1.1231633424758911,0.7510960102081299,0.0,-0.16697188,0.27104336,0.03332856,0.788356428472753,-0.14352130552131806,0.28135728145473227,0.099505160688619
20.849044799804688,0.116175845,1.7145824,-1.1871232,-0.031701843280942985,nan,nan,nan,nan,nan,10.84807538986206,0.004369020462036133,6.384169,0.9453197,-0.13604523,1.0160003900527954,0.8751389980316162,-3.0,0.0,1.0824130773544312,0.608051061630249,0.0,-0.122749045,0.3500817,0.050488718,0.7888929572972478,-0.10803797069287445,0.3489897376394239,0.1289589320971249
20.941619634628296,0.66897106,1.736176,-1.2136427,-0.03603490658714542,nan,nan,nan,nan,nan,10.940251111984253,0.0021173954010009766,6.5041203,0.65845394,-0.22372958,1.1140133142471313,0.9251970052719116,-3.0,0.0,1.0436471700668335,0.4768776297569275,0.0,-0.08798411,0.40005893,0.06961661,0.7891971119572995,-0.07753150055981284,0.39266651537820757,0.15008309590728805
21.052170991897583,1.3811586,1.7290771,-1.2580134,-0.040980662923063516,nan,nan,nan,nan,nan,11.051029443740845,0.0023932456970214844,6.5998707,0.2906376,-0.34093547,1.2268359661102295,0.9689040780067444,-3.0,0.0,0.9924396872520447,0.31093811988830566,0.0,-0.038687952,0.45621464,0.09269816,0.7892598516946924,-0.039549703172362914,0.43929713237816537,0.1730346349491976
21.145271062850952,1.9417753,1.6956505,-1.3021568,-0.04396633477103941,nan,nan,nan,nan,nan,11.14404010772705,0.003722667694091797,6.6247683,0.0031058085,-0.43645293,1.3169965744018555,0.9911482334136963,-3.0,0.0,0.9457226991653442,0.1668311506509781,0.0,-0.0003543803,0.49110243,0.11378532,0.7891283797907795,-0.008053101454056251,0.4684649522343726,0.18648833350558358
21.24495244026184,2.4991016,1.6392736,-1.3546356,-0.04591873503121782,nan,nan,nan,nan,nan,11.244307041168213,0.005432844161987305,6.6029425,-0.27808732,-0.5340333,1.4091459512710571,0.9999744296073914,-3.0,0.0,0.8917493224143982,0.008989883586764336,0.0,0.03270645,0.5178519,0.13402109,0.7887685952884629,0.025268640116602265,0.491099737667427,0.19510950088081236
21.35389757156372,3.1968467,1.5366825,-1.4340681,-0.04652889701668726,nan,nan,nan,nan,nan,11.353154182434082,0.005597829818725586,6.5047812,-0.6206262,-0.65818787,1.5028403997421265,0.9916101098060608,-3.0,0.0,0.8291592597961426,-0.1624387502670288,0.0,0.07635668,0.5429032,0.15666239,0.7879074700168914,0.06266372666338678,0.5165106643977433,0.19963344519598622
21.445247411727905,3.7314463,1.4337176,-1.5069388,-0.04554919272837697,nan,nan,nan,nan,nan,11.444786787033081,0.005429267883300781,6.37193,-0.8733504,-0.7536221,1.5762863159179688,0.9701915383338928,-3.0,0.0,0.7734500169754028,-0.304532527923584,0.0,0.1086767,0.55696684,0.17231901,0.7869469877238309,0.09206868234807601,0.5299355667144134,0.19677557915226748
21.542001724243164,4.3418994,1.2890296,-1.604336,-0.04260048540741959,nan,nan,nan,nan,nan,11.54075288772583,0.0026602745056152344,6.1510878,-1.1486983,-0.8598642,1.6476017236709595,0.9339913129806519,-3.0,0.0,0.7123615741729736,-0.44899100065231323,0.0,0.1470195,0.5636008,0.18415287,0.7855651974799864,0.12176889230675149,0.46616874742151737,0.16984658196310126
21.642615795135498,4.8773756,1.1357286,-1.703309,-0.03746623796923902,nan,nan,nan,nan,nan,11.6415696144104,0.0028066635131835938,5.88646,-1.3770797,-0.9483118,1.7160671949386597,0.8813610672950745,-3.0,0.0,0.6454007029533386,-0.5936897397041321,0.0,0.1791795,0.47074687,0.18704602,0.7840306702083965,0.150610961130528,0.36262723633332483,0.13184783320838986
21.741883754730225,5.4206233,0.95156986,-1.8194668,-0.028736701479703072,nan,nan,nan,nan,nan,11.740715265274048,0.002435922622680664,5.545027,-1.5935138,-1.0324495,1.7766858339309692,0.8158197999000549,-3.0,0.0,0.577023446559906,-0.7267210483551025,0.0,0.2113562,0.35125914,0.17930806,0.7821794905439687,0.1767552119709403,0.2739517264588848,0.09332436083296558
21.841840744018555,5.8848257,0.76816666,-1.933372,-0.019291090291325433,nan,nan,nan,nan,nan,11.840576171875,0.0025000572204589844,5.1929374,-1.7622567,-1.099791,1.830773949623108,0.7370239496231079,-3.0,0.0,0.5058907866477966,-0.8493190407752991,0.0,0.23378502,0.26063222,0.16088286,0.7802929606461746,0.20058754101795845,0.21120519540784807,0.06209947057315445
21.94195246696472,6.343611,0.5576867,-2.0624936,-0.009302474112322427,nan,nan,nan,nan,nan,11.940613746643066,0.0026535987854003906,4.7827744,-1.9099382,-1.1626226,1.8777333498001099,0.6464677453041077,-3.0,0.0,0.4326361417770386,-0.9587403535842896,0.0,0.2574782,0.18767655,0.13452628,0.7781733352171588,0.22129549724497885,0.15940012647209725,0.03425058454538186
22.04210925102234,6.726297,0.35606906,-2.1861799,-0.0013438888360323975,nan,nan,nan,nan,nan,12.04083514213562,0.0026547908782958984,4.386857,-2.012269,-1.2124819,1.9173424243927002,0.5455150604248047,-3.0,0.0,0.35753366351127625,-1.0531888008117676,0.0,0.27827787,0.1333996,0.107224554,0.7761356976549272,0.23876078522304353,0.12295691033450876,0.014325852379029856
22.147504329681396,7.0708933,0.15080485,-2.3131354,0.004865232375178663,nan,nan,nan,nan,nan,12.146395921707153,0.0031435489654541016,3.9829612,-2.0809183,-1.2556578,1.9508405923843384,0.42987290024757385,-3.0,0.0,0.27690330147743225,-1.1346043348312378,0.0,0.2933274,0.09733211,0.07981786,0.7740622490623409,0.2530704785334172,0.09492901719444702,-0.0003006777369089411
22.243178606033325,7.3772416,-0.055120148,-2.4427838,0.009126647413976294,nan,nan,nan,nan,nan,12.241925716400146,0.003378629684448242,3.574319,-2.1141598,-1.2928553,1.9737640619277954,0.3186507523059845,-3.0,0.0,0.20287549495697021,-1.191131353378296,0.0,0.30460155,0.06468816,0.05444267,0.7720914744278939,0.2609475822492342,0.0737240299801665,-0.010129320303505584
22.34168314933777,7.6665325,-0.27519315,-2.5859199,0.011612031058589734,nan,nan,nan,nan,nan,12.340347528457642,0.002815723419189453,3.1309438,-2.1103384,-1.3261516,1.9899457693099976,0.19928203523159027,-3.0,0.0,0.12584523856639862,-1.2314316034317017,0.0,0.3130672,0.038002666,0.030470356,0.7700270208277636,0.2634429264270931,0.057038973003920225,-0.016221417402049874
22.44182825088501,7.8942285,-0.47184783,-2.7204387,0.012132351964874999,nan,nan,nan,nan,nan,12.440478801727295,0.0024576187133789062,2.7242975,-2.0702229,-1.3513892,1.9986015558242798,0.07472681999206543,-3.0,0.0,0.04698510095477104,-1.2531235218048096,0.0,0.3122547,0.019589422,0.014157485,0.7682013057697812,0.26224812029931643,0.04579412121781597,-0.018435418021013193
22.542017936706543,8.099816,-0.67471635,-2.868071,0.011097683714093094,nan,nan,nan,nan,nan,12.540741920471191,0.0027892589569091797,2.2891765,-1.9884325,-1.3725357,1.9993447065353394,-0.05117544159293175,-3.0,0.0,-0.03216501697897911,-1.2549904584884644,0.0,0.30763015,0.0071437466,0.0015305453,0.7663344450929677,0.25512874448008943,0.03726980565087803,-0.01798402148435641
22.640920162200928,8.254071,-0.8499815,-3.0050957,0.009151431237531614,nan,nan,nan,nan,nan,12.639372825622559,0.0009479522705078125,1.8961294,-1.8799704,-1.3861398,1.9923362731933594,-0.17424704134464264,-3.0,0.0,-0.10990377515554428,-1.2374130487442017,0.0,0.2957976,-0.0031568743,-0.00704864,0.7647510999876386,0.2448015580557123,0.031853761747848756,-0.015858577950938698
22.740160942077637,8.383765,-1.0234216,-3.1534886,0.0064136784569148245,nan,nan,nan,nan,nan,12.73840856552124,0.0008108615875244141,1.4808264,-1.728844,-1.3943948,1.9776029586791992,-0.2951313853263855,-3.0,0.0,-0.18753665685653687,-1.2006622552871704,0.0,0.2782987,-0.008845862,-0.012650376,0.7631410706414739,0.22882041290755856,0.02809580773600355,-0.012505159191779518
22.839861631393433,8.469029,-1.1659421,-3.2898664,0.0035429730971798523,nan,nan,nan,nan,nan,12.838016271591187,0.0009367465972900391,1.1069955,-1.5609846,-1.3956335,1.9550632238388062,-0.4121055603027344,-3.0,0.0,-0.2648850977420807,-1.1449674367904663,0.0,0.2576532,-0.014056276,-0.014484456,0.7618130439143547,0.21040276512881995,0.025965535509964565,-0.00884713378993976
22.939833879470825,8.525108,-1.2986314,-3.4360418,0.0003416541095190573,nan,nan,nan,nan,nan,12.937990188598633,0.0008559226989746094,0.71249753,-1.3514487,-1.3912325,1.9247431755065918,-0.5230236649513245,-3.0,0.0,-0.34147462248802185,-1.0710545778274536,0.0,0.23125418,-0.017332101,-0.014042203,0.7604410435929485,0.18697160472487992,0.02500330395961964,-0.004764878883470199
23.03986120223999,8.544077,-1.3992553,-3.5693958,-0.0024841345692706712,nan,nan,nan,nan,nan,13.038019180297852,0.0008227825164794922,0.35838628,-1.1358672,-1.3824767,1.8868080377578735,-0.6257516741752625,-3.0,0.0,-0.4167582094669342,-0.9802049398422241,0.0,0.20229046,-0.01780386,-0.012676984,0.7593061174708501,0.16169796914255577,0.024644475507480598,-0.0011450508607320968
23.14064335823059,8.530408,-1.4825323,-3.7120447,-0.005248858878613108,nan,nan,nan,nan,nan,13.138975858688354,0.0014743804931640625,-0.014226851,-0.8824968,-1.3677263,1.840967059135437,-0.7194157242774963,-3.0,0.0,-0.491070419549942,-0.8728346824645996,0.0,0.16856524,-0.018400993,-0.009035485,0.7580698321622571,0.1319770983728011,0.024952688444672962,0.0023294352264719115
23.239891052246094,8.486964,-1.5341415,-3.8416235,-0.007437719955240035,nan,nan,nan,nan,nan,13.23805856704712,0.0009150505065917969,-0.34862676,-0.63314307,-1.3503003,1.7887754440307617,-0.8001059293746948,-3.0,0.0,-0.5620843768119812,-0.7538047432899475,0.0,0.13304211,-0.020153707,-0.0054242588,0.756989259679006,0.10139301535181726,0.025479191695548215,0.005048803189569736
23.340027809143066,8.407199,-1.5626327,-3.9796035,-0.009381180076562898,nan,nan,nan,nan,nan,13.338205575942993,0.0010051727294921875,-0.70094216,-0.3527751,-1.3278115,1.728981375694275,-0.8690704703330994,-3.0,0.0,-0.6316471695899963,-0.6216436624526978,0.0,0.09428841,-0.019135652,-0.0012522847,0.7557436086725475,0.06773520848878944,0.026529624640729756,0.0073558972533700655
23.44031858444214,8.304566,-1.5639842,-4.1043653,-0.010655191571846592,nan,nan,nan,nan,nan,13.438495397567749,0.0009224414825439453,-1.0175163,-0.088848665,-1.3044837,1.6622439622879028,-0.9243574738502502,-3.0,0.0,-0.6988034844398499,-0.4794415831565857,0.0,0.05548328,-0.01919778,0.00026686117,0.7545940542333244,0.0344413184817788,0.027238247178621288,0.008873010457047057
23.540159702301025,8.16217,-1.5387961,-4.2368646,-0.011495792056074206,nan,nan,nan,nan,nan,13.538349628448486,0.0008533000946044922,-1.3521141,0.19704767,-1.2774278,1.5892407894134521,-0.9648386240005493,-3.0,0.0,-0.7629126906394958,-0.3302983343601227,0.0,0.015286323,-0.017064516,0.002892591,0.7532150258040368,-0.00015224500575657237,0.02827417378551196,0.009758551425057792
23.640081882476807,8.002992,-1.4912931,-4.3568454,-0.011813426430532514,nan,nan,nan,nan,nan,13.63826608657837,0.0008370876312255859,-1.6533448,0.45725092,-1.2516296,1.509932518005371,-0.9901588559150696,-3.0,0.0,-0.8240569233894348,-0.17586393654346466,0.0,-0.023215977,-0.015119652,0.0066624773,0.7518695799523252,-0.033477552425203345,0.029008827561903844,0.010056402794567557
23.740686893463135,7.8020678,-1.4145627,-4.4837537,-0.011697101122688014,nan,nan,nan,nan,nan,13.738874912261963,0.0009660720825195312,-1.9717704,0.7307848,-1.2238904,1.4240643978118896,-0.9999023079872131,-3.0,0.0,-0.8823437094688416,-0.017567461356520653,0.0,-0.06535901,-0.01557077,0.008664581,0.7502685917134602,-0.0669921342295614,0.029884216475568107,0.009797561263571074
23.84013557434082,7.6088915,-1.3297052,-4.588567,-0.01137007744954259,nan,nan,nan,nan,nan,13.838351011276245,0.0009911060333251953,-2.235492,0.9520246,-1.2009159,1.3335686922073364,-0.9938430190086365,-3.0,0.0,-0.9365096688270569,0.139231875538826,0.0,-0.09810232,-0.01501823,0.0101043815,0.7487964327097012,-0.0982422186219141,0.030518192010709398,0.009367259060137507
23.940150499343872,7.3737764,-1.2169777,-4.700793,-0.010872629282402152,nan,nan,nan,nan,nan,13.938348531723022,0.0008554458618164062,-2.5180764,1.1806962,-1.1770085,1.237350344657898,-0.972120463848114,-3.0,0.0,-0.9872729778289795,0.2946588397026062,0.0,-0.13079527,-0.013507034,0.009619046,0.7470802718560154,-0.1294488663971315,0.031238410811492343,0.008790328296970091
24.04016613960266,7.090993,-1.073291,-4.8201985,-0.010183826460141737,nan,nan,nan,nan,nan,14.038391590118408,0.0009846687316894531,-2.8188267,1.4092551,-1.1529646,1.1362018585205078,-0.9350473880767822,-3.0,0.0,-1.0341606140136719,0.44550636410713196,0.0,-0.16686578,-0.011818566,0.010308988,0.745115674583031,-0.15946885246515702,0.031894868081257556,0.00810411905043441
